Comment,Cycles,DeepSleep,Framerate,From,Geo,Hours,Id,LenAdjust,Noise,Rating,Sched,Snore,To,Tz
  #home,4,0.36363637,10000,13. 08. 2016 2:33,e065c3d,5.540,1471048430220,-2,0.012083861,0.0,13. 08. 2016 11:00,0,13. 08. 2016 8:06,Europe/Amsterdam
work   #home,5,0.31707317,10000,11. 08. 2016 23:34,e065c3d,7.980,1470951259736,-2,0.002920194,0.0,12. 08. 2016 7:45,0,12. 08. 2016 7:32,Europe/Amsterdam
work   #home,6,0.4698795,10000,11. 08. 2016 0:05,e065c3d,8.040,1470866737679,-2,0.006239209,0.0,11. 08. 2016 7:45,0,11. 08. 2016 8:08,Europe/Amsterdam
work    #home,5,0.53125,10000,10. 08. 2016 0:09,e065c3d,6.440,1470780574003,-2,0.0040191626,0.0,10. 08. 2016 7:45,0,10. 08. 2016 6:36,Europe/Amsterdam
work      #geo3,5,0.7529412,10000,08. 08. 2016 23:38,e0ea5d8,7.100,1470692294488,-2,0.0038937097,0.0,09. 08. 2016 7:45,0,09. 08. 2016 6:44,Europe/Amsterdam
  #home,6,0.46341464,10000,05. 08. 2016 23:08,e065c68,9.130,1470431322015,-2,0.0205356,0.0,08. 08. 2016 7:45,0,06. 08. 2016 8:16,Europe/Amsterdam
work  #newmoon      #home,6,0.44329897,10000,02. 08. 2016 23:53,e065c3d,7.530,1470174791969,-2,0.0035848902,0.0,03. 08. 2016 7:45,0,03. 08. 2016 7:24,Europe/Amsterdam
work     #home,4,0.31325302,10000,01. 08. 2016 23:46,e065c3d,8.110,1470087993145,-2,0.019356072,0.0,02. 08. 2016 7:45,0,02. 08. 2016 7:53,Europe/Amsterdam
work     #home,4,0.43820226,10000,01. 08. 2016 0:40,e065c3d,7.410,1470004807614,-2,0.0061150067,0.0,01. 08. 2016 7:45,0,01. 08. 2016 8:04,Europe/Amsterdam
  #home,3,0.4375,10000,31. 07. 2016 2:35,e065c68,6.670,1469925327311,-2,0.035253562,0.0,01. 08. 2016 7:45,0,31. 07. 2016 9:15,Europe/Amsterdam
  #home,5,0.52577317,10000,30. 07. 2016 1:24,e065c3d,6.500,1469834674118,-2,0.024919154,0.0,01. 08. 2016 7:45,1008,30. 07. 2016 7:54,Europe/Amsterdam
work #dream #stress  #home,6,0.50617284,10000,28. 07. 2016 23:45,e065c60,6.720,1469742308054,-2,0.025315057,0.0,29. 07. 2016 7:45,0,29. 07. 2016 6:28,Europe/Amsterdam
work #alcohol #stress  #home,6,0.50574714,10000,28. 07. 2016 1:04,e065c60,7.250,1469660693530,-2,0.013450009,0.0,28. 07. 2016 7:45,0,28. 07. 2016 8:19,Europe/Amsterdam
work #dream  #home,4,0.5595238,10000,27. 07. 2016 0:28,e065c3d,7.050,1469572107621,-2,0.0032136403,0.0,27. 07. 2016 7:45,0,27. 07. 2016 7:31,Europe/Amsterdam
work   #home,4,0.5714286,10000,26. 07. 2016 0:50,e065c60,6.330,1469487051140,-2,0.0059825974,0.0,26. 07. 2016 8:30,0,26. 07. 2016 7:10,Europe/Amsterdam
work   #home,4,0.45555556,10000,25. 07. 2016 0:57,e065c3d,7.480,1469401076023,-2,0.0066050217,0.0,25. 07. 2016 8:30,0,25. 07. 2016 8:26,Europe/Amsterdam
Manually added,-1,-2.0,10000,23. 07. 2016 8:30,,1.510,1469255411258,0,-1.0,0.0,23. 07. 2016 10:00,-1,23. 07. 2016 10:00,Europe/Amsterdam
  #home,4,0.61904764,10000,23. 07. 2016 0:18,e065c3d,5.860,1469225898836,-2,0.006006629,0.0,25. 07. 2016 7:45,0,23. 07. 2016 6:10,Europe/Amsterdam
work #dream #sick  #home,5,0.4625,10000,21. 07. 2016 23:00,e065c3d,8.920,1469134850898,-2,0.006922308,0.0,22. 07. 2016 7:45,0,22. 07. 2016 7:55,Europe/Amsterdam
work  #sick  #home,5,0.39534885,10000,20. 07. 2016 23:33,e065c3d,8.330,1469050437229,-2,0.011057814,0.0,21. 07. 2016 7:45,0,21. 07. 2016 7:53,Europe/Amsterdam
Manually added #fullmoon #sick ,-1,-2.0,10000,20. 07. 2016 13:25,,2.670,1469013922694,0,-1.0,0.0,20. 07. 2016 16:05,-1,20. 07. 2016 16:05,Europe/Amsterdam
work #fullmoon #sick  #home,5,0.45833334,10000,19. 07. 2016 23:39,e065c3d,5.380,1468964384890,-2,0.0038868778,0.0,20. 07. 2016 7:45,0,20. 07. 2016 5:02,Europe/Amsterdam
work #dream  #home,6,0.5421687,10000,18. 07. 2016 23:40,e065c68,8.080,1468878025946,-2,0.0032953664,0.0,19. 07. 2016 7:45,0,19. 07. 2016 7:45,Europe/Amsterdam
work     #home,6,0.4512195,10000,17. 07. 2016 22:30,e065c68,7.960,1468787451349,-2,0.0020979561,0.0,18. 07. 2016 7:45,0,18. 07. 2016 6:28,Europe/Amsterdam
  #home,4,0.59782606,10000,17. 07. 2016 2:44,e065c3d,5.100,1468716282648,-2,0.009073559,0.0,17. 07. 2016 8:20,0,17. 07. 2016 7:50,Europe/Amsterdam
work   #home,4,0.5647059,10000,14. 07. 2016 23:13,e065c3d,5.880,1468530809437,-2,0.002989736,0.0,15. 07. 2016 7:45,0,15. 07. 2016 5:06,Europe/Amsterdam
work   #home,3,0.5058824,10000,14. 07. 2016 0:21,e065c3d,8.310,1468448498644,-2,0.009090268,0.0,14. 07. 2016 8:15,0,14. 07. 2016 8:40,Europe/Amsterdam
work      #home,4,0.3647059,10000,13. 07. 2016 0:25,e065c68,5.940,1468362340657,-2,0.013304048,0.0,13. 07. 2016 8:15,0,13. 07. 2016 6:22,Europe/Amsterdam
work     #home,1,0.08080808,10000,11. 07. 2016 23:55,e065c68,7.740,1468274152915,-2,0.013261667,0.0,12. 07. 2016 8:15,0,12. 07. 2016 7:40,Europe/Amsterdam
work   #home,4,0.48979592,10000,11. 07. 2016 1:47,e065c68,6.520,1468194456245,-2,0.0022972918,0.0,11. 07. 2016 8:15,0,11. 07. 2016 8:18,Europe/Amsterdam
work   #home,5,0.50549453,10000,08. 07. 2016 0:03,e065c60,6.350,1467928994256,-2,0.008044965,0.0,08. 07. 2016 7:50,0,08. 07. 2016 6:24,Europe/Amsterdam
Manually added #dream ,-1,-2.0,10000,07. 07. 2016 0:25,,6.420,1467843940854,0,-1.0,0.0,07. 07. 2016 6:50,-1,07. 07. 2016 6:50,Europe/Amsterdam
work   #home,2,0.36585367,10000,06. 07. 2016 1:00,e065c60,4.590,1467759601909,-2,0.00203519,0.0,06. 07. 2016 7:50,0,06. 07. 2016 5:35,Europe/Amsterdam
work  #newmoon   #home,6,0.53571427,10000,05. 07. 2016 0:22,e065c60,7.030,1467670925541,-2,0.0056460183,0.0,05. 07. 2016 7:50,0,05. 07. 2016 7:23,Europe/Amsterdam
work  #newmoon  #home,6,0.6363636,10000,04. 07. 2016 0:28,e065c3d,7.300,1467584932204,-2,0.0032022402,0.0,04. 07. 2016 7:50,0,04. 07. 2016 7:46,Europe/Amsterdam
  #home,4,0.44444445,10000,01. 07. 2016 23:34,e065c60,7.910,1467408877909,-2,0.0015696402,0.0,02. 07. 2016 8:20,0,02. 07. 2016 7:29,Europe/Amsterdam
work   #home,5,0.5119048,10000,30. 06. 2016 0:42,e065c60,5.810,1467240143310,-2,0.0025045793,0.0,30. 06. 2016 7:50,0,30. 06. 2016 6:31,Europe/Amsterdam
work    #home,5,0.375,10000,29. 06. 2016 0:57,e065c3d,7.350,1467154649406,-2,0.0050880387,0.0,29. 06. 2016 7:50,0,29. 06. 2016 8:18,Europe/Amsterdam
work   #home,5,0.61627907,10000,28. 06. 2016 0:28,e065c35,7.180,1467066506534,-2,0.0038276128,0.0,28. 06. 2016 7:50,0,28. 06. 2016 7:39,Europe/Amsterdam
work   #home,5,0.4390244,10000,26. 06. 2016 23:56,e065c35,7.940,1466978173934,-2,0.012406335,0.0,27. 06. 2016 7:50,0,27. 06. 2016 7:52,Europe/Amsterdam
work   #home,5,0.36585367,10000,23. 06. 2016 23:43,e065c68,8.010,1466718223141,-1,0.0067564812,0.0,24. 06. 2016 7:50,0,24. 06. 2016 7:44,Europe/Amsterdam
work   #home,4,0.3690476,10000,22. 06. 2016 23:52,e065c68,8.150,1466632324806,-2,0.019467998,0.0,23. 06. 2016 7:50,0,23. 06. 2016 8:00,Europe/Amsterdam
work     #home,7,0.47,10000,22. 06. 2016 0:15,e065c68,7.770,1466547308780,-2,0.003414925,0.0,22. 06. 2016 7:50,0,22. 06. 2016 8:01,Europe/Amsterdam
work #fullmoon #stress  #home,7,0.44705883,10000,21. 06. 2016 0:28,e065c60,7.090,1466461690887,-2,0.021419518,0.0,21. 06. 2016 7:50,0,21. 06. 2016 7:33,Europe/Amsterdam
work  #fullmoon  #home,6,0.5875,10000,20. 06. 2016 0:15,e065c60,7.800,1466374527792,-2,0.006600294,0.0,20. 06. 2016 7:50,0,20. 06. 2016 8:03,Europe/Amsterdam
work #stress  #home,6,0.5903614,10000,16. 06. 2016 23:52,e065c68,4.640,1466113962946,-2,0.007013754,0.0,17. 06. 2016 7:50,0,17. 06. 2016 4:31,Europe/Amsterdam
work #dream  #home,5,0.45,10000,16. 06. 2016 0:05,e065c68,7.820,1466028302870,-2,0.02473288,0.0,16. 06. 2016 7:50,84,16. 06. 2016 7:54,Europe/Amsterdam
work  #alcohol  #home,4,0.57831323,10000,14. 06. 2016 23:51,e065c60,5.760,1465941118575,-2,0.004068765,0.0,15. 06. 2016 7:50,0,15. 06. 2016 5:37,Europe/Amsterdam
work #dream  #home,3,0.3265306,10000,14. 06. 2016 0:02,e065c60,7.620,1465855331077,-2,0.024637198,0.0,14. 06. 2016 7:30,0,14. 06. 2016 7:39,Europe/Amsterdam
work    #dream  #home,5,0.3580247,10000,12. 06. 2016 23:06,e065c60,7.880,1465765572299,-2,0.04163118,0.0,13. 06. 2016 7:30,0,13. 06. 2016 6:59,Europe/Amsterdam
  #home,5,0.41666666,10000,11. 06. 2016 23:06,e065c60,9.400,1465679185944,-2,0.015130651,0.0,13. 06. 2016 7:30,0,12. 06. 2016 8:30,Europe/Amsterdam
work #alcohol  #home,5,0.4878049,10000,10. 06. 2016 0:24,e065c60,5.690,1465511082306,-2,0.004127902,0.0,10. 06. 2016 7:30,0,10. 06. 2016 6:06,Europe/Amsterdam
work #alcohol  #home,5,0.475,10000,09. 06. 2016 0:17,e065c60,6.690,1465424227354,-2,0.009992515,0.0,09. 06. 2016 7:30,0,09. 06. 2016 6:58,Europe/Amsterdam
work    #home,5,0.5176471,10000,07. 06. 2016 22:53,e065c68,8.270,1465332786996,-2,0.0102699725,0.0,08. 06. 2016 8:10,0,08. 06. 2016 7:09,Europe/Amsterdam
work #alcohol  #home,5,0.44705883,10000,07. 06. 2016 0:31,e065c68,7.120,1465252281260,-2,0.012742614,0.0,07. 06. 2016 8:10,0,07. 06. 2016 7:38,Europe/Amsterdam
work      #home,5,0.5154639,10000,06. 06. 2016 0:19,e065c68,6.460,1465165140165,-2,0.008423139,0.0,06. 06. 2016 8:10,0,06. 06. 2016 6:46,Europe/Amsterdam
 #newmoon #dream #stress  #home,6,0.4883721,10000,05. 06. 2016 0:31,e065c68,7.160,1465079518657,-2,0.017647758,0.0,06. 06. 2016 7:45,0,05. 06. 2016 7:41,Europe/Amsterdam
 #stress  #home,6,0.4625,10000,04. 06. 2016 2:36,e065c68,6.710,1465000589858,-2,0.011774953,0.0,06. 06. 2016 7:45,0,04. 06. 2016 9:19,Europe/Amsterdam
work   #home,4,0.3493976,10000,01. 06. 2016 23:51,e065c68,8.040,1464817872981,-2,0.0071177455,0.0,02. 06. 2016 7:45,0,02. 06. 2016 7:53,Europe/Amsterdam
work   #home,5,0.5058824,10000,01. 06. 2016 0:13,e065c68,7.090,1464732815086,-2,0.030487938,0.0,01. 06. 2016 7:45,0,01. 06. 2016 7:18,Europe/Amsterdam
work    #home,5,0.39795917,10000,30. 05. 2016 23:37,e065c68,7.630,1464644256531,-2,0.008640699,0.0,31. 05. 2016 7:45,0,31. 05. 2016 7:15,Europe/Amsterdam
work   #home,3,0.34020618,10000,30. 05. 2016 0:13,e065c68,7.590,1464560007137,-2,0.0048952103,0.0,30. 05. 2016 7:45,0,30. 05. 2016 7:48,Europe/Amsterdam
  #home,5,0.3902439,10000,27. 05. 2016 23:23,e065c68,8.010,1464384199314,-2,0.010276789,0.0,28. 05. 2016 10:00,0,28. 05. 2016 7:24,Europe/Amsterdam
  #home,3,0.43333334,10000,26. 05. 2016 1:27,e065c35,6.250,1464218846276,-2,0.0045368574,0.0,28. 05. 2016 10:00,0,26. 05. 2016 7:42,Europe/Amsterdam
work   #home,6,0.4226804,10000,25. 05. 2016 0:42,e065c35,7.530,1464129723377,-2,0.0041396064,0.0,25. 05. 2016 7:45,0,25. 05. 2016 8:13,Europe/Amsterdam
work   #home,4,0.3409091,10000,24. 05. 2016 0:10,e065c35,7.330,1464041452026,-2,0.007869735,0.0,24. 05. 2016 7:45,0,24. 05. 2016 7:30,Europe/Amsterdam
work   #home,4,0.5185185,10000,22. 05. 2016 23:24,e065c35,7.920,1463952291131,-2,0.0057681566,0.0,23. 05. 2016 7:45,0,23. 05. 2016 7:20,Europe/Amsterdam
 #fullmoon     #home,4,0.3493976,10000,22. 05. 2016 1:52,e065c68,6.950,1463874777904,-2,0.026309125,0.0,22. 05. 2016 10:00,0,22. 05. 2016 8:49,Europe/Amsterdam
  #home,3,0.61445785,10000,21. 05. 2016 1:04,e065c68,6.890,1463785498032,-2,0.010251673,0.0,21. 05. 2016 10:00,0,21. 05. 2016 7:58,Europe/Amsterdam
work   #home,4,0.45454547,10000,20. 05. 2016 1:12,e065c68,6.590,1463699571571,-2,0.04155795,0.0,20. 05. 2016 7:45,0,20. 05. 2016 7:48,Europe/Amsterdam
work   #home,5,0.62650603,10000,18. 05. 2016 23:48,e065c3d,8.110,1463608094550,-2,0.008747266,0.0,19. 05. 2016 7:30,0,19. 05. 2016 7:54,Europe/Amsterdam
work   #geo2,3,0.9518072,10000,16. 05. 2016 22:43,e0236ef,4.630,1463431396477,-2,0.020615485,0.0,17. 05. 2016 3:20,0,17. 05. 2016 3:21,Europe/Amsterdam
work  #geo2,2,0.89873415,10000,16. 05. 2016 1:19,e023c47,2.230,1463354384803,0,0.0,0.0,16. 05. 2016 9:10,0,16. 05. 2016 3:33,Europe/Amsterdam
  #geo2,1,0.7586207,10000,15. 05. 2016 2:18,e023c43,7.280,1463271513153,-2,0.008487309,0.0,15. 05. 2016 10:00,0,15. 05. 2016 9:35,Europe/Amsterdam
Manually added #dream ,-1,-2.0,10000,14. 05. 2016 23:55,,2.330,1463262947427,0,-1.0,0.0,15. 05. 2016 2:15,-1,15. 05. 2016 2:15,Europe/Amsterdam
  #home,5,0.3580247,10000,14. 05. 2016 0:16,e065c68,7.910,1463177800640,-2,0.021855766,0.0,14. 05. 2016 10:00,0,14. 05. 2016 8:11,Europe/Amsterdam
work #dream  #home,8,0.44444445,10000,11. 05. 2016 23:24,e065c68,8.800,1463001878656,-2,0.0090486845,0.0,12. 05. 2016 8:00,0,12. 05. 2016 8:12,Europe/Amsterdam
work #alcohol #dream  #home,7,0.5862069,10000,11. 05. 2016 1:03,e065c68,7.280,1462921382989,-2,0.032346707,0.0,11. 05. 2016 8:00,0,11. 05. 2016 8:19,Europe/Amsterdam
work #dream  #home,6,0.3678161,10000,09. 05. 2016 23:36,e065c68,8.460,1462829789353,-2,0.008605519,0.0,10. 05. 2016 8:00,0,10. 05. 2016 8:03,Europe/Amsterdam
work   #home,5,0.43373495,10000,08. 05. 2016 23:59,e065c68,8.100,1462744755319,-2,0.01992242,0.0,09. 05. 2016 8:00,0,09. 05. 2016 8:05,Europe/Amsterdam
 #dream  #home,8,0.5625,10000,07. 05. 2016 23:17,e065c60,10.060,1462655854083,-2,0.015138364,0.0,09. 05. 2016 8:00,0,08. 05. 2016 9:21,Europe/Amsterdam
 #newmoon #alcohol  #home,4,0.53409094,10000,07. 05. 2016 2:41,e065c60,4.870,1462581669852,-2,0.041330975,0.0,07. 05. 2016 9:30,0,07. 05. 2016 7:33,Europe/Amsterdam
work   #home,7,0.64634144,10000,06. 05. 2016 1:09,e065c3d,5.700,1462489791376,-2,0.025932834,0.0,06. 05. 2016 8:00,0,06. 05. 2016 6:51,Europe/Amsterdam
work #alcohol  #home,3,0.3139535,10000,03. 05. 2016 23:44,e065c60,4.780,1462311854550,-2,0.012828668,0.0,04. 05. 2016 8:00,0,04. 05. 2016 4:30,Europe/Amsterdam
work   #home,5,0.47619048,10000,03. 05. 2016 0:41,e065c68,5.810,1462228895926,-2,0.009350228,0.0,03. 05. 2016 8:00,0,03. 05. 2016 6:30,Europe/Amsterdam
work   #home,4,0.39506173,10000,01. 05. 2016 23:10,e065c68,8.990,1462137049179,-2,0.010146216,0.0,02. 05. 2016 8:00,0,02. 05. 2016 8:10,Europe/Amsterdam
  #home,6,0.42528737,10000,30. 04. 2016 1:32,e065c3d,7.250,1461972775027,-2,0.006630455,0.0,30. 04. 2016 9:30,0,30. 04. 2016 8:47,Europe/Amsterdam
work   #home,4,0.44329897,10000,28. 04. 2016 0:10,e065c3d,7.580,1461795008355,-2,0.010879269,0.0,28. 04. 2016 8:00,0,28. 04. 2016 7:45,Europe/Amsterdam
work   #home,5,0.37037036,10000,27. 04. 2016 0:10,e065c60,7.880,1461708652339,-2,0.009772726,0.0,27. 04. 2016 8:00,0,27. 04. 2016 8:03,Europe/Amsterdam
work   #home,8,0.5185185,10000,25. 04. 2016 23:08,e065c3d,8.990,1461618517060,-2,0.018172361,0.0,26. 04. 2016 8:00,0,26. 04. 2016 8:07,Europe/Amsterdam
work   #home,3,0.3939394,10000,25. 04. 2016 1:47,e065c3d,6.590,1461541661846,-2,0.02669362,0.0,25. 04. 2016 8:00,0,25. 04. 2016 8:23,Europe/Amsterdam
  #home,7,0.38271606,10000,23. 04. 2016 0:28,e065c60,8.950,1461364110316,-2,0.044063114,0.0,23. 04. 2016 9:30,0,23. 04. 2016 9:25,Europe/Amsterdam
work  #fullmoon  #home,3,0.5714286,10000,22. 04. 2016 2:34,e065c60,5.460,1461285247855,-2,0.047880832,0.0,22. 04. 2016 8:00,0,22. 04. 2016 8:01,Europe/Amsterdam
work   #home,4,0.47916666,10000,20. 04. 2016 1:11,e065c3d,5.370,1461107471988,-2,0.0068422356,0.0,20. 04. 2016 8:00,0,20. 04. 2016 6:33,Europe/Amsterdam
work   #home,4,0.3723404,10000,19. 04. 2016 3:06,e065c3d,5.210,1461027968760,-2,0.010658021,0.0,19. 04. 2016 7:00,0,19. 04. 2016 8:18,Europe/Amsterdam
work   #home,2,0.30612245,10000,18. 04. 2016 0:22,e065c3d,7.670,1460931720551,-2,0.0076592965,0.0,18. 04. 2016 7:00,0,18. 04. 2016 8:02,Europe/Amsterdam
work   #home,7,0.4512195,10000,12. 04. 2016 23:02,e065c60,8.020,1460494926194,-2,0.019733759,0.0,13. 04. 2016 7:00,0,13. 04. 2016 7:03,Europe/Amsterdam
work    #home,5,0.47560975,10000,12. 04. 2016 1:18,e065c60,6.810,1460416738721,-2,0.0052246335,0.0,12. 04. 2016 8:00,0,12. 04. 2016 8:07,Europe/Amsterdam
work   #home,7,0.5051546,10000,08. 04. 2016 1:32,e065c68,6.490,1460071932326,-2,0.0078031835,0.0,08. 04. 2016 8:00,0,08. 04. 2016 8:01,Europe/Amsterdam
work  #newmoon   #home,4,0.45454547,10000,07. 04. 2016 1:24,e065c60,6.620,1459985047158,-2,0.011526219,0.0,07. 04. 2016 8:00,0,07. 04. 2016 8:01,Europe/Amsterdam
work   #home,6,0.54022986,10000,04. 04. 2016 23:27,e065c60,7.270,1459805263040,-2,0.03141915,0.0,05. 04. 2016 7:00,0,05. 04. 2016 6:44,Europe/Amsterdam
work    #home,3,0.6413044,10000,03. 04. 2016 23:31,e065c60,3.090,1459719088772,-2,0.038346328,0.0,04. 04. 2016 7:00,0,04. 04. 2016 2:36,Europe/Amsterdam
  #home,4,0.4875,10000,03. 04. 2016 3:33,e065c60,3.350,1459647194910,-2,0.010049325,4.0,03. 04. 2016 9:30,0,03. 04. 2016 6:54,Europe/Amsterdam
  #home,6,0.5294118,10000,02. 04. 2016 2:12,e065c60,7.130,1459555928822,-2,0.0055033173,0.0,04. 04. 2016 8:00,0,02. 04. 2016 9:20,Europe/Amsterdam
work    #home,3,0.49484536,10000,31. 03. 2016 0:22,e065c60,4.330,1459376564885,-2,0.004962323,0.0,31. 03. 2016 8:00,0,31. 03. 2016 4:42,Europe/Amsterdam
work   #home,3,0.5,10000,30. 03. 2016 1:48,e065c60,5.250,1459295291373,-2,0.02173335,0.0,30. 03. 2016 8:00,0,30. 03. 2016 7:03,Europe/Amsterdam
  #home,4,0.5802469,10000,19. 03. 2016 23:38,e065c3d,4.500,1458427096668,-2,0.013884853,0.0,20. 03. 2016 4:10,0,20. 03. 2016 4:08,Europe/Vienna
work       #home,5,0.8023256,10000,18. 03. 2016 4:16,e065c3d,3.580,1458270960206,-2,0.003939066,0.0,18. 03. 2016 7:50,0,18. 03. 2016 7:50,Europe/Vienna
work   #home,4,0.47252747,10000,17. 03. 2016 0:42,e065c3d,6.340,1458171754004,-2,0.01188323,0.0,17. 03. 2016 7:50,0,17. 03. 2016 7:02,Europe/Vienna
work     #home,5,0.6111111,10000,15. 03. 2016 0:04,e065c3d,5.010,1457996648227,-2,0.0032588586,0.0,15. 03. 2016 8:00,0,15. 03. 2016 5:04,Europe/Vienna
work   #home,5,0.375,10000,14. 03. 2016 0:01,e065c3d,8.530,1457910073993,-2,0.023082979,0.0,14. 03. 2016 8:00,0,14. 03. 2016 8:33,Europe/Vienna
work   #home,5,0.43023255,10000,10. 03. 2016 23:44,e065c68,8.340,1457649895392,-2,0.02217584,0.0,11. 03. 2016 8:00,0,11. 03. 2016 8:05,Europe/Vienna
work   #home,4,0.556701,10000,10. 03. 2016 1:05,e065c68,5.390,1457568340432,-2,0.0025987502,0.0,10. 03. 2016 8:00,0,10. 03. 2016 6:28,Europe/Vienna
work  #newmoon     #home,3,0.30612245,10000,09. 03. 2016 0:02,e065c60,7.630,1457478141309,-2,0.049993012,0.0,09. 03. 2016 8:00,0,09. 03. 2016 7:40,Europe/Vienna
work  #dream  #home,3,0.42696628,10000,08. 03. 2016 0:21,e065c68,7.440,1457392883253,-2,0.0055883136,0.0,08. 03. 2016 8:00,84,08. 03. 2016 7:47,Europe/Vienna
work   #home,4,0.3292683,10000,06. 03. 2016 23:55,e065c60,7.960,1457304916756,-2,0.017749183,0.0,07. 03. 2016 8:00,0,07. 03. 2016 7:53,Europe/Vienna
  #home,5,0.46,10000,05. 03. 2016 0:45,e065c60,7.770,1457135147487,-2,0.032255065,0.0,07. 03. 2016 8:00,0,05. 03. 2016 8:32,Europe/Vienna
work     #home,7,0.50574714,10000,03. 03. 2016 23:50,e065c60,7.260,1457045425422,-2,0.042406976,0.0,04. 03. 2016 8:00,0,04. 03. 2016 7:05,Europe/Vienna
work      #home,4,0.39583334,10000,03. 03. 2016 0:25,e065c60,7.510,1456961145676,-2,0.04625628,0.0,03. 03. 2016 8:00,0,03. 03. 2016 7:56,Europe/Vienna
  #home,3,0.45833334,10000,27. 02. 2016 0:01,e065c60,6.420,1456527719996,-2,0.016211871,0.0,29. 02. 2016 8:00,0,27. 02. 2016 6:27,Europe/Vienna
work   #home,3,0.6296296,10000,26. 02. 2016 0:06,e065c60,4.530,1456441578226,-2,0.0023323277,0.0,26. 02. 2016 8:00,0,26. 02. 2016 4:37,Europe/Vienna
work   #home,4,0.4939759,10000,24. 02. 2016 23:53,e065c60,8.040,1456354414793,-2,0.03083038,0.0,25. 02. 2016 8:00,0,25. 02. 2016 7:55,Europe/Vienna
work    #home,4,0.3493976,10000,24. 02. 2016 0:59,e065c3d,6.940,1456271995985,-2,0.016528862,0.0,24. 02. 2016 8:00,0,24. 02. 2016 7:56,Europe/Vienna
work  #fullmoon  #home,5,0.5802469,10000,23. 02. 2016 0:18,e065c68,5.610,1456183128415,-2,0.0076668686,0.0,23. 02. 2016 8:00,0,23. 02. 2016 5:55,Europe/Vienna
work    #home,4,0.35227272,10000,22. 02. 2016 0:52,e065c68,7.320,1456098766200,-2,0.014358129,0.0,22. 02. 2016 8:00,0,22. 02. 2016 8:11,Europe/Vienna
work     #home,-1,-1.0,10000,21. 02. 2016 23:55,e065c68,0.540,1456095314507,-7,0.0038566198,0.0,22. 02. 2016 8:00,0,22. 02. 2016 0:27,Europe/Vienna
  #home,5,0.4,10000,17. 02. 2016 23:32,e065c60,7.780,1455748333855,-2,0.035399165,0.0,18. 02. 2016 8:00,0,18. 02. 2016 7:19,Europe/Vienna
  #home,5,0.41860464,10000,17. 02. 2016 0:08,e065c60,8.400,1455664087307,-2,0.034892954,0.0,17. 02. 2016 8:00,0,17. 02. 2016 8:32,Europe/Vienna
  #home,5,0.5670103,10000,16. 02. 2016 0:09,e065c60,5.430,1455577750596,-2,0.016785378,0.0,16. 02. 2016 8:00,84,16. 02. 2016 5:35,Europe/Vienna
  #home,5,0.45679012,10000,14. 02. 2016 23:35,e065c60,7.890,1455489306036,-2,0.016247964,0.0,15. 02. 2016 8:00,0,15. 02. 2016 7:28,Europe/Vienna
  #home,-1,-2.0,10000,14. 02. 2016 23:28,e065c60,0.040,1455488886299,-2,0.0,0.0,15. 02. 2016 8:00,0,14. 02. 2016 23:30,Europe/Vienna
  #home,8,0.3580247,10000,13. 02. 2016 23:43,e065c60,8.980,1455403426126,-2,0.020063842,0.0,15. 02. 2016 8:00,0,14. 02. 2016 8:42,Europe/Vienna
  #home,6,0.5180723,10000,12. 02. 2016 0:02,e065c35,8.090,1455231733357,-2,0.07525674,0.0,12. 02. 2016 8:00,0,12. 02. 2016 8:07,Europe/Vienna
  #home,7,0.6179775,10000,10. 02. 2016 23:33,e065c35,4.940,1455143602297,-2,0.008564924,0.0,11. 02. 2016 8:00,0,11. 02. 2016 4:29,Europe/Vienna
  #home,5,0.35365853,10000,10. 02. 2016 0:26,e065c35,8.010,1455060407663,-2,0.014335301,0.0,10. 02. 2016 8:00,0,10. 02. 2016 8:27,Europe/Vienna
Manually added,-1,-2.0,10000,09. 02. 2016 6:33,,1.350,1454996036428,0,-1.0,0.0,09. 02. 2016 7:55,-1,09. 02. 2016 7:55,Europe/Vienna
 #newmoon   #home,4,0.4673913,10000,09. 02. 2016 0:20,e065c3d,5.140,1454973643136,-2,0.0044217184,0.0,09. 02. 2016 8:00,0,09. 02. 2016 5:28,Europe/Vienna
  #home,6,0.62068963,10000,07. 02. 2016 23:44,e065c68,7.270,1454885059151,-2,0.0047605494,0.0,08. 02. 2016 8:00,0,08. 02. 2016 7:00,Europe/Vienna
  #home,6,0.54320985,10000,06. 02. 2016 0:46,e065c68,6.720,1454715965946,-2,0.008942671,0.0,08. 02. 2016 8:00,0,06. 02. 2016 7:29,Europe/Vienna
  #home,1,0.21839081,10000,05. 02. 2016 5:43,e065c68,2.450,1454647438542,-2,0.010887496,0.0,05. 02. 2016 8:00,0,05. 02. 2016 8:10,Europe/Vienna
  #home,6,0.58064514,10000,05. 02. 2016 0:18,e065c68,5.200,1454627919690,-2,0.0066375914,0.0,05. 02. 2016 8:00,0,05. 02. 2016 5:30,Europe/Vienna
  #home,3,0.32291666,10000,03. 02. 2016 23:41,e065c68,7.510,1454539303574,-2,0.04709341,0.0,04. 02. 2016 8:00,0,04. 02. 2016 7:12,Europe/Vienna
  #home,7,0.45679012,10000,03. 02. 2016 0:11,e065c68,7.860,1454454672674,-2,0.01140264,0.0,03. 02. 2016 8:00,0,03. 02. 2016 8:03,Europe/Vienna
  #home,1,0.14772727,10000,02. 02. 2016 4:36,e065c68,3.680,1454384175536,-2,0.015290283,0.0,02. 02. 2016 8:00,0,02. 02. 2016 8:17,Europe/Vienna
  #home,4,0.7176471,10000,02. 02. 2016 0:41,e065c68,3.540,1454370095006,-2,0.004836672,0.0,02. 02. 2016 8:00,0,02. 02. 2016 4:14,Europe/Vienna
  #home,6,0.4125,10000,31. 01. 2016 23:13,e065c68,8.950,1454278400310,-2,0.024487017,0.0,01. 02. 2016 8:00,0,01. 02. 2016 8:10,Europe/Vienna
  #home,2,0.24691358,10000,28. 01. 2016 23:53,e065c3d,3.400,1454021586204,-2,0.0012576246,0.0,29. 01. 2016 8:00,0,29. 01. 2016 3:16,Europe/Vienna
  #home,5,0.38372093,10000,27. 01. 2016 23:41,e065c3d,8.370,1453934467399,-2,7.9611846E-4,0.0,28. 01. 2016 8:00,0,28. 01. 2016 8:03,Europe/Vienna
  #home,4,0.40816328,10000,27. 01. 2016 0:24,e065c3d,7.600,1453850680433,-2,0.0032623536,0.0,27. 01. 2016 8:00,0,27. 01. 2016 8:00,Europe/Vienna
  #home,-1,-1.0,10000,26. 01. 2016 23:48,e065c3d,0.410,1453848510423,-2,4.0665787E-4,0.0,27. 01. 2016 8:00,0,27. 01. 2016 0:12,Europe/Vienna
  #home,5,0.3253012,10000,25. 01. 2016 23:21,e065c3d,8.090,1453760477931,-2,8.005692E-4,0.0,26. 01. 2016 8:00,0,26. 01. 2016 7:26,Europe/Vienna
  #home,4,0.35632184,10000,24. 01. 2016 23:13,e065c3d,8.500,1453673605797,-2,8.4210763E-4,0.0,25. 01. 2016 8:00,0,25. 01. 2016 7:43,Europe/Vienna
  #home,3,0.18072289,10000,22. 01. 2016 1:01,e065c3d,6.960,1453420880297,-2,0.010609519,0.0,22. 01. 2016 8:00,0,22. 01. 2016 7:58,Europe/Vienna
  #home,-1,-1.0,10000,21. 01. 2016 6:03,e065c3d,1.890,1453352582873,-2,8.031342E-4,0.0,21. 01. 2016 7:30,0,21. 01. 2016 7:56,Europe/Vienna
  #home,-1,-2.0,10000,21. 01. 2016 5:45,e065c3d,0.010,1453351534923,0,0.0,0.0,21. 01. 2016 7:30,0,21. 01. 2016 5:46,Europe/Vienna
  #home,4,0.59090906,10000,20. 01. 2016 23:34,e065c3d,6.140,1453329260287,-2,0.0011563287,0.0,21. 01. 2016 7:30,0,21. 01. 2016 5:42,Europe/Vienna
  #home,7,0.55,10000,20. 01. 2016 0:07,e065c3d,5.590,1453244858812,-2,0.010776152,0.0,20. 01. 2016 7:50,0,20. 01. 2016 5:43,Europe/Vienna
  #home,4,0.49425286,10000,19. 01. 2016 0:13,e065c3d,7.260,1453158827307,-2,6.555241E-4,0.0,19. 01. 2016 7:50,0,19. 01. 2016 7:29,Europe/Vienna
  #home,6,0.43529412,10000,18. 01. 2016 0:40,e065c3d,7.110,1453074045480,-2,8.176944E-4,0.0,18. 01. 2016 7:50,0,18. 01. 2016 7:47,Europe/Vienna
  #home,7,0.5955056,10000,17. 01. 2016 2:28,e065c3d,7.440,1452994126486,-2,5.159967E-4,0.0,18. 01. 2016 7:50,0,17. 01. 2016 9:55,Europe/Vienna
  #home,3,0.33673468,10000,16. 01. 2016 0:31,e065c35,6.550,1452900683036,-2,6.921997E-4,0.0,18. 01. 2016 7:50,0,16. 01. 2016 7:04,Europe/Vienna
  #home,4,0.5411765,10000,14. 01. 2016 23:10,e065c35,8.250,1452809415290,-2,6.843112E-4,0.0,15. 01. 2016 7:50,0,15. 01. 2016 7:25,Europe/Vienna
  #home,6,0.5609756,10000,14. 01. 2016 1:29,e065c35,6.830,1452731368771,-2,0.0010762109,0.0,14. 01. 2016 7:50,0,14. 01. 2016 8:18,Europe/Vienna
  #home,5,0.4949495,10000,13. 01. 2016 0:25,e065c35,7.740,1452641114978,-2,0.0012974689,0.0,13. 01. 2016 7:50,0,13. 01. 2016 8:09,Europe/Vienna
  #home,5,0.5121951,10000,12. 01. 2016 1:04,e065c35,6.830,1452557083737,-2,0.0026181645,0.0,12. 01. 2016 7:50,0,12. 01. 2016 7:54,Europe/Vienna
  #home,3,0.4375,10000,10. 01. 2016 23:47,e065c35,7.810,1452466071246,-2,0.015793249,0.0,11. 01. 2016 7:50,0,11. 01. 2016 7:36,Europe/Vienna
 #newmoon #alcohol  #home,5,0.62068963,10000,10. 01. 2016 4:37,e065c35,6.040,1452397043376,-2,0.074896686,0.0,11. 01. 2016 7:50,168,10. 01. 2016 10:39,Europe/Vienna
 #dream  #home,6,0.5113636,10000,09. 01. 2016 1:47,e065c68,7.320,1452300439665,-2,0.008072257,0.0,11. 01. 2016 7:50,0,09. 01. 2016 9:06,Europe/Vienna
  #home,4,0.56790125,10000,08. 01. 2016 1:01,e065c68,5.600,1452211294056,-2,0.005339562,0.0,08. 01. 2016 7:50,0,08. 01. 2016 6:37,Europe/Vienna
Manually added,-1,-2.0,10000,07. 01. 2016 7:25,,1.580,1452147931366,0,-1.0,0.0,07. 01. 2016 9:00,-1,07. 01. 2016 9:00,Europe/Vienna
  #home,3,0.5425532,10000,07. 01. 2016 3:24,e065c68,3.930,1452133479940,-2,0.002385741,0.0,07. 01. 2016 7:50,0,07. 01. 2016 7:20,Europe/Vienna
  #home,4,0.4659091,10000,05. 01. 2016 0:35,e065c68,7.350,1451950542933,-2,0.02234031,0.0,05. 01. 2016 7:50,0,05. 01. 2016 7:56,Europe/Vienna
  #home,6,0.54320985,10000,04. 01. 2016 0:28,e065c68,7.840,1451863694748,-2,0.017101085,0.0,04. 01. 2016 7:50,0,04. 01. 2016 8:18,Europe/Vienna
 #home,7,0.36585367,10000,31. 12. 2015 1:09,e065c3d,9.100,1451520548032,-2,0.029417304,0.0,12. 01. 2016 1:49,0,31. 12. 2015 10:14,Europe/Vienna
work    #dream  #home,3,0.31034482,10000,30. 12. 2015 0:53,e065c3d,7.260,1451433234460,-2,0.03316238,0.0,30. 12. 2015 8:00,0,30. 12. 2015 8:09,Europe/Vienna
work  #dream  #home,5,0.35,10000,29. 12. 2015 0:49,e065c3d,7.810,1451346552609,-2,0.013041765,0.0,29. 12. 2015 8:00,0,29. 12. 2015 8:37,Europe/Vienna
work   #home,4,0.49484536,10000,28. 12. 2015 3:45,e065c3d,5.400,1451270728177,-2,0.012641792,0.0,28. 12. 2015 8:00,0,28. 12. 2015 9:09,Europe/Vienna
  #home,4,0.3493976,10000,27. 12. 2015 0:58,e065c60,8.110,1451174285540,-2,0.010406332,0.0,08. 01. 2016 1:38,0,27. 12. 2015 9:04,Europe/Vienna
 #fullmoon   #geo1,5,0.46153846,10000,25. 12. 2015 23:06,9fc3fb4,6.360,1451084770925,-2,0.004602545,0.0,26. 12. 2015 7:50,0,26. 12. 2015 5:27,Europe/Lisbon
work  #fullmoon  #geo1,1,0.4878049,10000,25. 12. 2015 7:35,9fc3fb4,0.940,1451028946792,-2,0.0020039931,0.0,25. 12. 2015 8:30,0,25. 12. 2015 8:32,Europe/Lisbon
work  #fullmoon    #geo1,7,0.5903614,10000,25. 12. 2015 0:39,9fc3fb4,6.930,1451003963489,-2,0.017697848,0.0,25. 12. 2015 8:30,0,25. 12. 2015 7:35,Europe/Lisbon
work   #geo1,7,0.47619048,10000,24. 12. 2015 0:58,9fc3fb5,9.390,1450918708443,-2,0.009455104,0.0,24. 12. 2015 10:00,0,24. 12. 2015 10:22,Europe/Lisbon
  #geo1,7,0.36734694,10000,22. 12. 2015 23:31,9fc3fb5,11.990,1450827094730,-2,0.04080839,0.0,04. 01. 2016 0:12,0,23. 12. 2015 11:30,Europe/Lisbon
 #dream  #home,4,0.49484536,10000,21. 12. 2015 23:57,e065c68,4.050,1450738647302,-2,0.009799687,0.0,22. 12. 2015 4:00,0,22. 12. 2015 4:00,Europe/Vienna
  #home,4,0.59782606,10000,21. 12. 2015 0:31,e065c68,3.850,1450654288261,-2,0.0072985687,0.0,21. 12. 2015 7:40,0,21. 12. 2015 4:22,Europe/Vienna
  #home,7,0.53125,10000,20. 12. 2015 2:01,e065c3d,7.520,1450573296646,-2,0.045454953,0.0,20. 12. 2015 10:00,0,20. 12. 2015 9:32,Europe/Vienna
  #home,5,0.5294118,10000,19. 12. 2015 1:06,e065c3d,5.930,1450483586553,-2,0.043020654,0.0,19. 12. 2015 10:00,0,19. 12. 2015 7:01,Europe/Vienna
  #home,4,0.5,10000,16. 12. 2015 0:48,e065c68,5.330,1450223283537,-2,0.017021215,0.0,16. 12. 2015 7:40,0,16. 12. 2015 6:08,Europe/Vienna
  #home,2,0.48979592,10000,10. 12. 2015 0:53,e065c68,5.450,1449705185973,-2,0.017020693,0.0,10. 12. 2015 7:40,84,10. 12. 2015 6:20,Europe/Vienna
  #home,3,0.34444445,10000,09. 12. 2015 2:01,e065c68,6.290,1449622913939,-2,0.023618255,0.0,09. 12. 2015 7:40,84,09. 12. 2015 8:19,Europe/Vienna
Manually added,-1,-2.0,10000,07. 12. 2015 7:03,,1.780,1449468180367,0,-1.0,0.0,07. 12. 2015 8:50,-1,07. 12. 2015 8:50,Europe/Vienna
  #home,7,0.55421686,10000,07. 12. 2015 0:02,e065c35,6.930,1449442942193,-2,0.01369751,0.0,07. 12. 2015 7:40,0,07. 12. 2015 6:58,Europe/Vienna
  #home,5,0.46341464,10000,02. 12. 2015 23:35,e065c35,8.010,1449095752848,-2,0.031634774,0.0,03. 12. 2015 7:40,0,03. 12. 2015 7:36,Europe/Vienna
  #home,4,0.4691358,10000,02. 12. 2015 0:48,e065c35,6.780,1449013729610,-2,0.014866907,0.0,02. 12. 2015 7:40,0,02. 12. 2015 7:35,Europe/Vienna
  #home,-1,-1.0,10000,01. 12. 2015 6:22,e065c35,2.440,1448947359587,-2,0.021042986,0.0,01. 12. 2015 7:40,0,01. 12. 2015 8:49,Europe/Vienna
Manually added,-1,-2.0,10000,01. 12. 2015 1:15,,3.830,1448928900000,0,-1.0,0.0,01. 12. 2015 5:05,-1,01. 12. 2015 5:05,Europe/Vienna
  #home,6,0.43820226,10000,30. 11. 2015 0:32,e065c68,7.420,1448839941091,-2,0.0289712,0.0,30. 11. 2015 7:40,84,30. 11. 2015 7:57,Europe/Vienna
  #home,4,0.37037036,10000,27. 11. 2015 0:08,e065c68,7.890,1448579313575,-1,0.016884364,0.0,27. 11. 2015 7:40,0,27. 11. 2015 8:01,Europe/Vienna
 #fullmoon      #home,4,0.6296296,10000,26. 11. 2015 0:10,e065c68,7.890,1448493038149,-2,0.0049700113,0.0,26. 11. 2015 7:40,0,26. 11. 2015 8:03,Europe/Vienna
Manually added,-1,-2.0,10000,25. 11. 2015 7:15,,2.740,1448432131668,0,-1.0,0.0,25. 11. 2015 10:00,-1,25. 11. 2015 10:00,Europe/Vienna
  #home,5,0.65957445,10000,24. 11. 2015 23:40,e065c68,5.210,1448404811662,-2,0.0065551247,0.0,25. 11. 2015 7:40,0,25. 11. 2015 4:52,Europe/Vienna
  #home,6,0.50574714,10000,23. 11. 2015 1:23,e065c68,7.250,1448238228009,-2,0.0059414473,0.0,23. 11. 2015 7:40,0,23. 11. 2015 8:38,Europe/Vienna
  #home,6,0.48809522,10000,22. 11. 2015 0:29,e065c68,8.160,1448148565291,-2,0.007898458,0.0,23. 11. 2015 7:40,0,22. 11. 2015 8:38,Europe/Vienna
 #alcohol  #home,5,0.46341464,10000,21. 11. 2015 2:42,e065c60,6.820,1448070138446,-2,0.0033487808,0.0,23. 11. 2015 7:40,0,21. 11. 2015 9:31,Europe/Vienna
  #home,3,0.5632184,10000,20. 11. 2015 0:50,e065c68,3.620,1447977043363,-2,0.023578223,0.0,20. 11. 2015 7:40,0,20. 11. 2015 4:28,Europe/Vienna
  #home,8,0.597561,10000,19. 11. 2015 0:15,e065c60,8.010,1447888536159,-2,0.015755324,1.75,19. 11. 2015 8:30,0,19. 11. 2015 8:16,Europe/Vienna
  #home,5,0.5,10000,18. 11. 2015 1:07,e065c68,7.190,1447805230285,-2,0.013146262,0.0,18. 11. 2015 8:30,0,18. 11. 2015 8:18,Europe/Vienna
work    #home,6,0.49382716,10,15. 11. 2015 23:51,e065c3d,7.880,1447627914279,-2,0.007694698,4.0,16. 11. 2015 7:30,0,16. 11. 2015 7:44,Europe/Vienna
  #home,6,0.37373737,10,14. 11. 2015 23:51,e065c3d,8.840,1447541517834,-2,0.0048468728,4.75,16. 11. 2015 7:30,0,15. 11. 2015 8:42,Europe/Vienna
work      #home,3,0.54022986,10,13. 11. 2015 0:38,e065c68,7.290,1447371493222,-2,0.038968053,0.0,13. 11. 2015 8:15,0,13. 11. 2015 7:55,Europe/Vienna
work  #newmoon    #home,5,0.7037037,10,11. 11. 2015 0:04,e065c68,5.660,1447196649436,-2,0.016695503,3.75,11. 11. 2015 7:40,0,11. 11. 2015 5:43,Europe/Vienna
work     #home,6,0.597561,10,10. 11. 2015 0:10,e065c68,6.820,1447110626005,-2,0.05439763,3.25,10. 11. 2015 7:40,0,10. 11. 2015 6:59,Europe/Vienna
work    #home,4,0.556701,10,08. 11. 2015 23:49,e065c68,7.530,1447022987837,-2,0.0252135,3.75,09. 11. 2015 7:00,0,09. 11. 2015 7:21,Europe/Vienna
Manually added,-1,-2.0,10,07. 11. 2015 22:50,,8.670,1446933000000,0,0.0,0.0,08. 11. 2015 7:30,-1,08. 11. 2015 7:30,Europe/Vienna
  #home,5,0.67058825,10,05. 11. 2015 1:27,e065c60,5.910,1446683252817,-2,0.017791506,0.0,05. 11. 2015 7:45,0,05. 11. 2015 7:22,Europe/Vienna
  #home,3,0.47619048,10,03. 11. 2015 23:47,e065c68,8.140,1446590834757,-2,0.042534042,0.0,04. 11. 2015 7:45,0,04. 11. 2015 7:55,Europe/Vienna
work      #home,5,0.46464646,10,03. 11. 2015 0:46,e065c35,6.600,1446507995053,-2,0.0068414574,0.0,03. 11. 2015 7:30,0,03. 11. 2015 7:22,Europe/Vienna
work     #home,3,0.5609756,10,29. 10. 2015 23:59,e065c60,4.560,1446159588128,-2,0.011348771,0.0,30. 10. 2015 7:30,0,30. 10. 2015 4:33,Europe/Vienna
work      #home,4,0.4878049,10,29. 10. 2015 0:01,e065c60,7.960,1446073306807,-2,0.041564126,4.5,29. 10. 2015 7:30,0,29. 10. 2015 7:59,Europe/Vienna
work     #home,-1,-2.0,10,28. 10. 2015 7:22,e065c60,0.310,1446013345857,-2,0.020995278,0.0,28. 10. 2015 8:00,0,28. 10. 2015 7:40,Europe/Vienna
work     #home,2,0.43678162,10,28. 10. 2015 3:44,e065c60,3.620,1446000270668,0,0.023374936,0.0,28. 10. 2015 7:30,0,28. 10. 2015 7:21,Europe/Vienna
work  #fullmoon  #home,5,0.7804878,10,27. 10. 2015 23:35,e065c60,3.420,1445985302790,-2,0.03424496,0.0,28. 10. 2015 7:30,0,28. 10. 2015 3:00,Europe/Vienna
work  #fullmoon    #home,6,0.61728394,10,26. 10. 2015 22:26,e065c60,9.010,1445894790839,-2,0.08710918,4.75,27. 10. 2015 7:30,0,27. 10. 2015 7:27,Europe/Vienna
work   #home,-1,-1.0,10,26. 10. 2015 6:09,e065c60,1.500,1445836164303,-2,0.016012589,0.0,26. 10. 2015 7:30,0,26. 10. 2015 7:39,Europe/Vienna
work  #sport      #home,5,0.4949495,10,25. 10. 2015 22:45,e065c60,5.490,1445809544631,-2,0.058405284,0.0,26. 10. 2015 7:30,0,26. 10. 2015 4:15,Europe/Vienna
  #home,7,0.6853933,10,24. 10. 2015 2:28,e065c68,6.150,1445646532845,-2,0.009817515,0.0,26. 10. 2015 7:30,0,24. 10. 2015 8:38,Europe/Vienna
work     #home,8,0.7529412,10,23. 10. 2015 0:34,e065c68,7.060,1445553279513,-2,0.015187422,0.0,23. 10. 2015 7:30,0,23. 10. 2015 7:38,Europe/Vienna
work     #home,5,0.71910113,10,22. 10. 2015 0:37,e065c60,7.400,1445467026304,-2,0.007058152,3.5,22. 10. 2015 7:30,0,22. 10. 2015 8:01,Europe/Vienna
work   #home,3,0.8333333,10,19. 10. 2015 0:03,e065c60,7.530,1445205815200,-2,0.013125715,4.25,19. 10. 2015 7:30,0,19. 10. 2015 7:35,Europe/Vienna
work    #home,6,0.5,10,29. 09. 2015 0:08,e065c68,7.670,1443478094750,-2,0.0073233447,0.0,29. 09. 2015 7:45,0,29. 09. 2015 7:48,Europe/Vienna
work     #home,5,0.53535354,10,15. 09. 2015 0:59,e065c60,5.530,1442271588040,-2,0.023249734,0.0,15. 09. 2015 8:45,0,15. 09. 2015 6:31,Europe/Vienna
Manually added,-1,-2.0,10,10. 09. 2015 22:55,,8.500,1441918500000,0,0.0,0.0,11. 09. 2015 7:25,-1,11. 09. 2015 7:25,Europe/Vienna
work         #home,4,0.5862069,10,09. 09. 2015 23:38,e065c60,8.440,1441834715317,-2,0.010325127,4.25,10. 09. 2015 7:45,0,10. 09. 2015 8:04,Europe/Vienna
work     #home,7,0.5487805,10,07. 09. 2015 23:57,e065c60,6.880,1441663045248,-2,0.0057717483,4.5,08. 09. 2015 7:45,0,08. 09. 2015 6:50,Europe/Vienna
  #geo1,3,0.29069766,10,30. 08. 2015 23:02,9fc3fb5,5.970,1440972123624,-2,0.0046538906,0.0,31. 08. 2015 5:00,0,31. 08. 2015 5:00,Atlantic/Madeira
  #geo1,3,0.375,10,25. 08. 2015 0:40,9fc3fb4,7.790,1440459638688,-2,0.017490914,0.0,25. 08. 2015 8:30,0,25. 08. 2015 8:27,Atlantic/Madeira
Manually added,-1,-2.0,10,15. 08. 2015 23:45,,8.580,1439678700000,0,0.0,0.0,16. 08. 2015 8:20,-1,16. 08. 2015 8:20,Atlantic/Madeira
Holidays #newmoon,7,0.53409094,10,15. 08. 2015 0:32,,8.530,1439595122872,-2,0.016396575,0.0,15. 08. 2015 10:00,0,15. 08. 2015 9:04,Atlantic/Madeira
work  #newmoon,-1,-1.0,10,13. 08. 2015 23:33,,4.860,1439501622116,-2,0.009104947,4.25,14. 08. 2015 4:20,0,14. 08. 2015 4:25,Europe/Vienna
work     #home,6,0.5119048,10,11. 08. 2015 2:01,e065c60,5.860,1439251279012,-2,0.050828416,0.0,11. 08. 2015 8:00,0,11. 08. 2015 7:52,Europe/Vienna
work     #home,10,0.5185185,10,09. 08. 2015 22:57,e065c60,9.000,1439153837680,-2,0.07148659,0.0,10. 08. 2015 8:00,84,10. 08. 2015 7:57,Europe/Vienna
Manually added,-1,-2.0,10,08. 08. 2015 1:00,,7.420,1438988400000,0,0.0,0.0,08. 08. 2015 8:25,-1,08. 08. 2015 8:25,Europe/Vienna
Manually added,-1,-2.0,10,07. 08. 2015 4:21,,3.650,1438914069210,0,0.0,0.0,07. 08. 2015 8:00,-1,07. 08. 2015 8:00,Europe/Vienna
work       #home,2,0.2857143,10,06. 08. 2015 4:45,e065c68,3.510,1438829148194,-2,0.036072932,0.0,06. 08. 2015 8:00,0,06. 08. 2015 8:16,Europe/Vienna
work   #home,3,0.7804878,10,05. 08. 2015 23:48,e065c68,3.420,1438811331452,-2,0.026324283,0.0,06. 08. 2015 8:00,0,06. 08. 2015 3:13,Europe/Vienna
work #sport  #home,5,0.4,10,04. 08. 2015 23:42,e065c68,8.300,1438724577190,-2,0.059121877,4.0,05. 08. 2015 8:00,0,05. 08. 2015 8:01,Europe/Vienna
work  #alcohol  #home,4,0.45238096,10,04. 08. 2015 0:32,e065c68,5.850,1438641134563,-2,0.046355516,0.0,04. 08. 2015 7:00,84,04. 08. 2015 6:23,Europe/Vienna
work    #sport  #home,6,0.5411765,10,02. 08. 2015 23:52,e065c68,7.130,1438552370664,-2,0.05832428,0.0,03. 08. 2015 8:00,0,03. 08. 2015 7:00,Europe/Vienna
Manually added,-1,-2.0,10,01. 08. 2015 23:00,,9.670,1438462800000,0,0.0,0.0,02. 08. 2015 8:40,-1,02. 08. 2015 8:40,Europe/Vienna
Manually added,-1,-2.0,10,01. 08. 2015 1:30,,6.580,1438385400000,0,0.0,0.0,01. 08. 2015 8:05,-1,01. 08. 2015 8:05,Europe/Vienna
work  #fullmoon     #home,5,0.48314607,10,30. 07. 2015 23:27,e065c68,7.470,1438291644304,-2,0.03762784,0.0,31. 07. 2015 8:00,84,31. 07. 2015 6:55,Europe/Vienna
work      #home,3,0.57575756,10,30. 07. 2015 3:03,e065c68,4.150,1438218228585,-2,0.03714529,3.25,30. 07. 2015 8:00,0,30. 07. 2015 7:12,Europe/Vienna
work     #home,6,0.575,10,29. 07. 2015 0:08,e065c68,6.670,1438121330624,-2,0.022955628,0.0,29. 07. 2015 8:00,84,29. 07. 2015 6:49,Europe/Vienna
work       #home,6,0.6,10,27. 07. 2015 23:44,e065c60,6.670,1438033445175,-2,0.024031904,0.0,28. 07. 2015 8:00,420,28. 07. 2015 6:24,Europe/Vienna
work     #home,5,0.55813956,10,27. 07. 2015 0:01,e065c60,7.180,1437948083090,-2,0.037566062,4.5,27. 07. 2015 8:00,0,27. 07. 2015 7:12,Europe/Vienna
Manually added,-1,-2.0,10,25. 07. 2015 22:52,,9.800,1437857520000,0,0.0,0.0,26. 07. 2015 8:40,-1,26. 07. 2015 8:40,Europe/Vienna
work  #stress  #home,4,0.5119048,10,23. 07. 2015 23:30,e065c60,6.980,1437687023116,-2,0.050885223,4.5,24. 07. 2015 8:00,0,24. 07. 2015 6:29,Europe/Vienna
work       #home,5,0.69512194,10,23. 07. 2015 0:44,e065c60,4.560,1437605065247,-1,0.04114347,4.0,23. 07. 2015 8:00,0,23. 07. 2015 5:17,Europe/Vienna
work     #home,5,0.6593407,10,22. 07. 2015 0:33,e065c60,5.060,1437517993116,-2,0.023088029,4.25,22. 07. 2015 8:00,0,22. 07. 2015 5:36,Europe/Vienna
Manually added,-1,-2.0,10,21. 07. 2015 6:30,,1.820,1437453053634,0,0.0,0.0,21. 07. 2015 8:20,-1,21. 07. 2015 8:20,Europe/Vienna
work  #alcohol   #home,4,0.6987952,10,21. 07. 2015 0:20,e065c60,3.450,1437430850373,-2,0.04789786,1.5,21. 07. 2015 8:00,0,21. 07. 2015 3:47,Europe/Vienna
Manually added,-1,-2.0,10,19. 07. 2015 10:12,,1.800,1437293523631,0,0.0,0.0,19. 07. 2015 12:00,-1,19. 07. 2015 12:00,Europe/Vienna
  #home,5,0.6666667,10,19. 07. 2015 2:36,e065c3d,5.510,1437266185226,-2,0.05489006,2.0,20. 07. 2015 6:40,168,19. 07. 2015 8:07,Europe/Vienna
 #dream #stress #geo0,5,0.5520833,10,18. 07. 2015 0:20,e033f73,6.420,1437171610845,-2,0.027715279,4.0,18. 07. 2015 6:50,0,18. 07. 2015 6:45,Europe/Vienna
work #dream #stress  #geo0,4,0.49411765,10,16. 07. 2015 23:50,e033f73,7.060,1437083432816,-2,0.027613245,0.0,17. 07. 2015 6:40,0,17. 07. 2015 6:53,Europe/Vienna
work #newmoon #stress  #geo0,3,0.50574714,10,15. 07. 2015 23:36,e033f73,7.250,1436996160828,-2,0.051729463,3.5,16. 07. 2015 6:40,0,16. 07. 2015 6:51,Europe/Vienna
work  #stress  #geo0,7,0.4651163,10,14. 07. 2015 23:34,e033f73,7.190,1436909665954,-2,0.026206877,2.75,15. 07. 2015 6:40,0,15. 07. 2015 6:45,Europe/Vienna
work #dream  #geo0,1,0.98876405,10,13. 07. 2015 23:03,e033f73,7.420,1436821439782,-2,0.023947336,3.5,14. 07. 2015 6:40,0,14. 07. 2015 6:29,Europe/Vienna
Manually added #dream #sport ,-1,-2.0,10,12. 07. 2015 23:29,,8.180,1436736540000,0,0.0,4.5,13. 07. 2015 7:40,-1,13. 07. 2015 7:40,Europe/Vienna
Manually added,-1,-2.0,10,11. 07. 2015 23:30,,8.920,1436650251381,0,0.0,0.0,12. 07. 2015 8:25,-1,12. 07. 2015 8:25,Europe/Vienna
Nap length 0:40    #home,-1,-1.0,10,11. 07. 2015 15:33,e065c3d,0.500,1436621628793,-2,0.023566054,0.0,11. 07. 2015 16:13,0,11. 07. 2015 16:03,Europe/Vienna
  #home,5,0.4875,10,11. 07. 2015 1:26,e065c3d,6.680,1436570789291,-2,0.08880354,5.0,13. 07. 2015 8:05,0,11. 07. 2015 8:07,Europe/Vienna
Manually added,-1,-2.0,10,10. 07. 2015 6:45,,1.080,1436503529344,0,0.0,0.0,10. 07. 2015 7:50,-1,10. 07. 2015 7:50,Europe/Vienna
work      #home,4,0.6627907,10,09. 07. 2015 23:57,e065c3d,4.780,1436479078019,-2,0.070912495,0.0,10. 07. 2015 8:05,0,10. 07. 2015 4:44,Europe/Vienna
work      #home,5,0.67469877,10,08. 07. 2015 23:44,e065c3d,8.090,1436391876555,-2,0.09259253,4.75,09. 07. 2015 8:05,0,09. 07. 2015 7:49,Europe/Vienna
work  #alcohol  #home,4,0.5833333,10,07. 07. 2015 0:42,e065c3d,5.830,1436222565420,-2,0.107713774,0.0,07. 07. 2015 8:05,0,07. 07. 2015 6:32,Europe/Vienna
work           #home,5,0.3253012,10,05. 07. 2015 23:25,e065c3d,6.940,1436131555999,-1,0.14930329,4.0,06. 07. 2015 8:05,0,06. 07. 2015 6:22,Europe/Vienna
Manually added #sport ,-1,-2.0,10,04. 07. 2015 23:40,,8.830,1436046000000,0,0.0,0.0,05. 07. 2015 8:30,-1,05. 07. 2015 8:30,Europe/Vienna
Manually added #alcohol ,-1,-2.0,10,04. 07. 2015 2:45,,2.830,1435970700000,0,0.0,0.0,04. 07. 2015 5:35,-1,04. 07. 2015 5:35,Europe/Vienna
 #alcohol  #home,5,0.4883721,10,02. 07. 2015 23:26,e065c3d,5.950,1435872412694,-2,0.1141453,0.0,15. 07. 2015 0:07,84,03. 07. 2015 5:23,Europe/Vienna
Manually added #fullmoon #dream #stress ,-1,-2.0,10,01. 07. 2015 23:39,,7.350,1435786740000,0,0.0,0.0,02. 07. 2015 7:00,-1,02. 07. 2015 7:00,Europe/Vienna
 #dream  #home,6,0.3625,10,30. 06. 2015 23:27,e065c68,7.790,1435699628415,-2,0.061275024,3.25,13. 07. 2015 0:07,168,01. 07. 2015 7:14,Europe/Vienna
work  #home,4,0.47959185,10,30. 06. 2015 0:20,e065c68,7.610,1435616443844,-2,0.04580749,0.0,30. 06. 2015 8:05,0,30. 06. 2015 7:57,Europe/Vienna
work      #dream  #home,4,0.45555556,10,29. 06. 2015 0:49,e065c68,5.010,1435531789040,-2,0.070887506,3.75,29. 06. 2015 8:05,0,29. 06. 2015 5:50,Europe/Vienna
Manually added,-1,-2.0,10,28. 06. 2015 9:20,,1.170,1435476000000,0,0.0,0.0,28. 06. 2015 10:30,-1,28. 06. 2015 10:30,Europe/Vienna
Manually added,-1,-2.0,10,28. 06. 2015 1:30,,5.500,1435447800000,0,0.0,0.0,28. 06. 2015 7:00,-1,28. 06. 2015 7:00,Europe/Vienna
Manually added,-1,-2.0,10,27. 06. 2015 4:00,,5.830,1435370400000,0,0.0,0.0,27. 06. 2015 9:50,-1,27. 06. 2015 9:50,Europe/Vienna
work     #home,4,0.4691358,10,26. 06. 2015 0:32,e065c68,6.770,1435271531311,-2,0.1158719,0.0,26. 06. 2015 8:05,336,26. 06. 2015 7:18,Europe/Vienna
Manually added,-1,-2.0,10,25. 06. 2015 1:00,,5.330,1435186800000,0,0.0,0.0,25. 06. 2015 6:20,-1,25. 06. 2015 6:20,Europe/Vienna
work     #home,7,0.5104167,10,23. 06. 2015 23:28,e065c68,6.410,1435094925117,-2,0.054040357,0.0,24. 06. 2015 8:05,588,24. 06. 2015 5:53,Europe/Vienna
Manually added,-1,-2.0,10,22. 06. 2015 23:41,,8.070,1435009260000,0,0.0,0.0,23. 06. 2015 7:45,-1,23. 06. 2015 7:45,Europe/Vienna
Manually added,-1,-2.0,10,22. 06. 2015 2:30,,3.330,1434933000000,0,0.0,0.0,22. 06. 2015 5:50,-1,22. 06. 2015 5:50,Europe/Vienna
  #home,7,0.6585366,10,19. 06. 2015 23:29,e065c60,9.080,1434749390162,-2,0.043274317,4.0,22. 06. 2015 8:05,84,20. 06. 2015 8:34,Europe/Vienna
work     #home,5,0.375,10,17. 06. 2015 23:23,e065c3d,7.370,1434576197185,-2,0.23824884,4.5,18. 06. 2015 7:00,0,18. 06. 2015 6:45,Europe/Vienna
work  #newmoon    #home,3,0.3030303,10,16. 06. 2015 23:43,e065c3d,7.740,1434490987225,-2,0.09597248,0.0,17. 06. 2015 8:00,0,17. 06. 2015 7:27,Europe/Vienna
work  #newmoon   #home,5,0.39583334,10,16. 06. 2015 0:23,e065c3d,6.440,1434406990539,-2,0.069031656,4.5,16. 06. 2015 8:00,0,16. 06. 2015 6:49,Europe/Vienna
work   #home,4,0.32941177,10,14. 06. 2015 23:18,e065c3d,8.310,1434316688818,-2,0.16941054,4.5,15. 06. 2015 8:00,84,15. 06. 2015 7:36,Europe/Vienna
  #home,7,0.5555556,10,13. 06. 2015 23:28,e065c3d,8.860,1434230930102,-2,0.10253261,0.0,15. 06. 2015 8:00,0,14. 06. 2015 8:20,Europe/Vienna
work    #home,5,0.57471263,10,11. 06. 2015 23:40,e065c3d,8.420,1434058854824,-2,0.116854526,0.0,12. 06. 2015 8:00,0,12. 06. 2015 8:06,Europe/Vienna
work  #alcohol  #home,4,0.63414633,10,10. 06. 2015 0:03,e065c3d,6.810,1433887417374,-2,0.0559616,0.0,10. 06. 2015 8:14,252,10. 06. 2015 6:52,Europe/Vienna
Manually added,-1,-2.0,10,09. 06. 2015 6:55,,0.500,1433825713034,0,0.0,0.0,09. 06. 2015 7:25,-1,09. 06. 2015 7:25,Europe/Vienna
work       #home,6,0.45833334,10,09. 06. 2015 0:16,e065c3d,6.440,1433801810653,-2,0.089231074,0.0,09. 06. 2015 8:14,84,09. 06. 2015 6:43,Europe/Vienna
work    #home,3,0.39506173,10,07. 06. 2015 23:39,e065c3d,7.860,1433713177296,-2,0.054778308,4.5,08. 06. 2015 8:14,0,08. 06. 2015 7:31,Europe/Vienna
  #home,8,0.59770113,10,07. 06. 2015 1:16,e065c3d,7.240,1433632563916,-2,0.06411617,0.0,08. 06. 2015 8:14,84,07. 06. 2015 8:30,Europe/Vienna
 #alcohol  #home,4,0.5,10,06. 06. 2015 0:49,e065c3d,5.580,1433544570131,-2,0.048457325,0.0,08. 06. 2015 8:14,168,06. 06. 2015 6:24,Europe/Vienna
work     #home,6,0.64044946,10,05. 06. 2015 0:45,e065c3d,7.410,1433457907641,-2,0.027710594,4.25,05. 06. 2015 8:14,84,05. 06. 2015 8:09,Europe/Vienna
Manually added,-1,-2.0,10,04. 06. 2015 0:20,,3.250,1433370000000,0,0.0,0.0,04. 06. 2015 3:35,-1,04. 06. 2015 3:35,Europe/Vienna
Nap length 0:30    #home,-1,-1.0,10,03. 06. 2015 8:36,e065c3d,0.420,1433313366365,-2,0.029808559,0.0,03. 06. 2015 9:06,0,03. 06. 2015 9:01,Europe/Vienna
work  #fullmoon     #home,4,0.6043956,10,03. 06. 2015 0:30,e065c3d,6.340,1433284247827,-2,0.12562694,0.0,03. 06. 2015 8:14,0,03. 06. 2015 6:51,Europe/Vienna
work  #fullmoon    #home,5,0.48453608,10,02. 06. 2015 0:34,e065c3d,7.570,1433198096246,-2,0.11088739,3.0,02. 06. 2015 8:14,0,02. 06. 2015 8:09,Europe/Vienna
work    #home,5,0.6744186,10,01. 06. 2015 0:34,e065c3d,7.150,1433111640385,-2,0.035589613,0.0,01. 06. 2015 8:00,84,01. 06. 2015 7:43,Europe/Vienna
Manually added,-1,-2.0,10,31. 05. 2015 1:00,,7.580,1433026800000,0,0.0,0.0,31. 05. 2015 8:35,-1,31. 05. 2015 8:35,Europe/Vienna
Manually added,-1,-2.0,10,30. 05. 2015 10:30,,2.170,1432974600000,0,0.0,0.0,30. 05. 2015 12:40,-1,30. 05. 2015 12:40,Europe/Vienna
Manually added,-1,-2.0,10,30. 05. 2015 4:15,,4.750,1432952100000,0,0.0,0.0,30. 05. 2015 9:00,-1,30. 05. 2015 9:00,Europe/Vienna
work   #home,5,0.5151515,10,29. 05. 2015 0:17,e065c3d,7.750,1432851468541,-2,0.07048646,3.75,29. 05. 2015 8:00,0,29. 05. 2015 8:02,Europe/Vienna
work      #home,5,0.6262626,10,28. 05. 2015 0:19,e065c3d,5.490,1432765194966,-2,0.071800746,0.0,28. 05. 2015 8:00,0,28. 05. 2015 5:49,Europe/Vienna
Nap length 0:40   #home,-1,-1.0,10,27. 05. 2015 19:59,e065c3d,0.370,1432749576832,-1,0.01943489,0.0,27. 05. 2015 20:39,0,27. 05. 2015 20:22,Europe/Vienna
work     #home,9,0.5816327,10,27. 05. 2015 0:24,e065c3d,7.600,1432679056915,-2,0.046269264,4.5,27. 05. 2015 8:00,0,27. 05. 2015 8:00,Europe/Vienna
work     #home,5,0.5185185,10,26. 05. 2015 0:03,e065c3d,7.880,1432591393043,-2,0.038480353,3.5,26. 05. 2015 8:00,0,26. 05. 2015 7:55,Europe/Vienna
work     #home,7,0.6701031,10,25. 05. 2015 0:41,e065c3d,7.540,1432507271029,-2,0.026578434,0.0,25. 05. 2015 8:00,0,25. 05. 2015 8:13,Europe/Vienna
  #home,6,0.56179774,10,24. 05. 2015 1:11,e065c3d,7.430,1432422660118,-2,0.04869161,0.0,25. 05. 2015 8:00,84,24. 05. 2015 8:36,Europe/Vienna
Manually added,-1,-2.0,10,23. 05. 2015 8:45,,1.570,1432363531985,0,0.0,0.0,23. 05. 2015 10:20,-1,23. 05. 2015 10:20,Europe/Vienna
  #home,3,0.4659091,10,23. 05. 2015 0:57,e065c68,4.870,1432335435050,-2,0.07955725,0.0,25. 05. 2015 8:00,84,23. 05. 2015 5:49,Europe/Vienna
work     #home,3,0.4516129,10,20. 05. 2015 3:59,e065c68,3.870,1432087162290,-2,0.055431664,0.0,20. 05. 2015 8:00,0,20. 05. 2015 7:51,Europe/Vienna
work    #home,5,0.81914896,10,20. 05. 2015 0:42,e065c68,3.170,1432075371824,-2,0.00907398,0.0,20. 05. 2015 8:00,84,20. 05. 2015 3:52,Europe/Vienna
work     #home,6,0.43209878,10,19. 05. 2015 0:10,e065c60,7.840,1431987020170,-2,0.14300768,3.5,19. 05. 2015 8:00,168,19. 05. 2015 8:00,Europe/Vienna
work     #home,6,0.5529412,10,13. 05. 2015 0:11,e065c60,7.120,1431468684148,-2,0.047766913,3.5,13. 05. 2015 8:00,0,13. 05. 2015 7:18,Europe/Vienna
work  #alcohol  #home,4,0.57954544,10,11. 05. 2015 23:36,e065c60,8.580,1431380188776,-2,0.06896413,4.0,12. 05. 2015 8:00,168,12. 05. 2015 8:11,Europe/Vienna
work     #home,4,0.36363637,10,11. 05. 2015 2:23,e065c60,4.910,1431303808030,-2,0.039939877,0.0,11. 05. 2015 8:00,84,11. 05. 2015 7:18,Europe/Vienna
Manually added,-1,-2.0,10,10. 05. 2015 23:30,,2.750,1431293405461,0,0.0,0.0,11. 05. 2015 2:15,-1,11. 05. 2015 2:15,Europe/Vienna
  #home,3,0.5,10,10. 05. 2015 0:06,e065c60,7.160,1431209194873,-2,0.032982722,0.0,11. 05. 2015 8:00,84,10. 05. 2015 7:15,Europe/Vienna
work  #alcohol  #home,6,0.6395349,10,07. 05. 2015 23:52,e065c60,6.000,1431035578955,-7,0.0422764,0.0,08. 05. 2015 8:00,0,08. 05. 2015 5:53,Europe/Vienna
work    #home,7,0.5529412,10,07. 05. 2015 0:16,e065c60,7.110,1430950567669,-2,0.047379382,0.0,07. 05. 2015 8:00,0,07. 05. 2015 7:22,Europe/Vienna
work    #home,4,0.57471263,10,06. 05. 2015 0:17,e065c60,4.850,1430864258179,-2,0.026563935,4.25,06. 05. 2015 8:00,168,06. 05. 2015 5:08,Europe/Vienna
work         #home,5,0.5714286,10,05. 05. 2015 1:13,e065c60,5.870,1430781234765,-2,0.02276044,0.0,05. 05. 2015 8:00,84,05. 05. 2015 7:06,Europe/Vienna
work     #home,7,0.6333333,10,27. 04. 2015 0:04,e065c68,6.260,1430085896074,-2,0.06397018,3.75,27. 04. 2015 8:00,168,27. 04. 2015 6:20,Europe/Vienna
  #home,7,0.62886596,10,25. 04. 2015 23:30,e065c68,8.660,1429997445455,-2,0.030827584,4.0,26. 04. 2015 9:30,0,26. 04. 2015 8:10,Europe/Vienna
work       #home,4,0.76086956,10,24. 04. 2015 0:21,e065c3d,3.820,1429827677348,-2,0.031502396,0.0,24. 04. 2015 8:00,0,24. 04. 2015 4:10,Europe/Vienna
work          #home,4,0.63265306,10,23. 04. 2015 2:00,e065c3d,4.370,1429747232309,-2,0.021782227,0.0,23. 04. 2015 8:00,336,23. 04. 2015 6:22,Europe/Vienna
work #stress  #home,5,0.62886596,10,22. 04. 2015 0:18,e065c3d,7.530,1429654695891,-2,0.04581656,0.0,22. 04. 2015 8:00,0,22. 04. 2015 7:50,Europe/Vienna
work    #stress  #home,4,0.61616164,10,20. 04. 2015 23:18,e065c60,5.520,1429564717202,-2,0.03707783,1.75,21. 04. 2015 8:00,168,21. 04. 2015 4:50,Europe/Vienna
work         #home,4,0.4945055,10,20. 04. 2015 0:45,e065c60,6.330,1429483536483,-2,0.07680319,4.5,20. 04. 2015 8:00,0,20. 04. 2015 7:05,Europe/Vienna
 #newmoon    #home,7,0.5308642,10,19. 04. 2015 1:38,e065c60,7.860,1429400296454,-2,0.04859934,0.0,19. 04. 2015 9:30,0,19. 04. 2015 9:29,Europe/Vienna
work       #home,4,0.4939759,10,16. 04. 2015 0:17,e065c60,6.880,1429136226441,-2,0.046533886,0.0,16. 04. 2015 8:00,84,16. 04. 2015 7:10,Europe/Vienna
work     #home,3,0.6122449,10,15. 04. 2015 0:00,e065c60,6.570,1429048848689,-2,0.027513819,0.0,15. 04. 2015 8:00,84,15. 04. 2015 6:35,Europe/Vienna
work      #home,5,0.7032967,10,14. 04. 2015 1:33,e065c35,5.050,1428967982457,-2,0.018908847,2.75,14. 04. 2015 8:00,84,14. 04. 2015 6:35,Europe/Vienna
 #sport  #home,4,0.47126436,10,12. 04. 2015 23:43,e065c60,8.450,1428875033966,-2,0.05355415,3.75,25. 04. 2015 0:24,0,13. 04. 2015 8:10,Europe/Vienna
  #home,5,0.45882353,10,12. 04. 2015 0:13,e065c60,7.120,1428790425938,-2,0.022790754,0.0,12. 04. 2015 9:30,168,12. 04. 2015 7:21,Europe/Vienna
Manually added,-1,-1.0,10,11. 04. 2015 14:00,,3.570,1428753630745,0,0.0,0.0,11. 04. 2015 17:35,-1,11. 04. 2015 17:35,Europe/Vienna
  #home,5,0.5862069,10,11. 04. 2015 3:20,e065c60,4.830,1428715227813,-2,0.11785397,0.0,12. 04. 2015 9:30,0,11. 04. 2015 8:10,Europe/Vienna
work    #home,3,0.5113636,10,10. 04. 2015 0:05,e065c60,6.120,1428617112221,-2,0.12755229,0.0,10. 04. 2015 8:00,0,10. 04. 2015 6:12,Europe/Vienna
work     #home,4,0.505618,10,08. 04. 2015 23:56,e065c60,6.160,1428530214610,-2,0.073877804,0.0,09. 04. 2015 8:00,168,09. 04. 2015 6:06,Europe/Vienna
work   #home,5,0.74712646,10,08. 04. 2015 0:25,e065c60,7.270,1428445501597,-2,0.047474176,3.5,08. 04. 2015 8:00,84,08. 04. 2015 7:41,Europe/Vienna
work    #home,6,0.53488374,10,07. 04. 2015 0:30,e065c3d,7.170,1428359434667,-2,0.06183117,3.5,07. 04. 2015 8:00,168,07. 04. 2015 7:40,Europe/Vienna
work    #home,4,0.37037036,10,06. 04. 2015 0:15,e065c60,7.920,1428272141529,-2,0.1029845,3.75,06. 04. 2015 8:00,0,06. 04. 2015 8:10,Europe/Vienna
 #fullmoon   #home,4,0.5154639,10,04. 04. 2015 23:44,e065c60,8.630,1428183886938,-2,0.056475945,3.5,05. 04. 2015 9:30,84,05. 04. 2015 8:22,Europe/Vienna
  #home,2,0.70238096,10,03. 04. 2015 1:14,e065c60,3.500,1428016480738,-2,0.028281236,0.0,15. 04. 2015 1:55,0,03. 04. 2015 4:44,Europe/Vienna
work   #home,8,0.64634144,10,01. 04. 2015 22:59,e065c60,9.110,1427921991220,-2,0.07009922,0.0,02. 04. 2015 8:00,0,02. 04. 2015 8:06,Europe/Vienna
  #home,3,0.61627907,10,27. 03. 2015 22:35,e065c3d,3.580,1427492152135,-2,0.077639386,0.0,30. 03. 2015 8:00,84,28. 03. 2015 2:10,Europe/Vienna
work        #home,6,0.73333335,10,27. 03. 2015 0:21,e065c60,6.280,1427412102713,-2,0.022710942,0.0,27. 03. 2015 8:00,168,27. 03. 2015 6:38,Europe/Vienna
work  #stress  #home,4,0.45918366,10,26. 03. 2015 0:15,e065c60,7.600,1427325315333,-2,0.1250135,0.0,26. 03. 2015 8:00,0,26. 03. 2015 7:51,Europe/Vienna
work     #home,7,0.68235296,10,24. 03. 2015 23:33,e065c60,8.310,1427236387536,-2,0.035507943,4.0,25. 03. 2015 8:00,168,25. 03. 2015 7:51,Europe/Vienna
work  #alcohol  #home,3,0.65591395,10,24. 03. 2015 1:21,e065c35,3.870,1427156508708,-2,0.059176713,3.5,24. 03. 2015 8:00,0,24. 03. 2015 5:13,Europe/Vienna
work      #home,7,0.5714286,10,22. 03. 2015 22:40,e065c35,8.780,1427060441920,-2,0.046621878,4.5,23. 03. 2015 8:00,168,23. 03. 2015 7:27,Europe/Vienna
 #alcohol  #home,4,0.44705883,10,22. 03. 2015 1:20,e065c35,7.080,1426983602669,-2,0.14945278,0.0,23. 03. 2015 8:00,84,22. 03. 2015 8:24,Europe/Vienna
Manually added,-1,-1.0,10,21. 03. 2015 7:40,,3.000,1426920000000,0,0.0,0.0,21. 03. 2015 10:40,-1,21. 03. 2015 10:40,Europe/Vienna
Manually added,-1,-1.0,10,20. 03. 2015 23:40,,7.330,1426891200000,0,0.0,0.0,21. 03. 2015 7:00,-1,21. 03. 2015 7:00,Europe/Vienna
Manually added #newmoon,-1,-1.0,10,20. 03. 2015 5:00,,3.000,1426824011789,0,0.0,0.0,20. 03. 2015 8:00,-1,20. 03. 2015 8:00,Europe/Vienna
work  #stress  #home,8,0.7,10,18. 03. 2015 23:58,e065c35,7.800,1426719503694,-2,0.12443882,3.25,19. 03. 2015 8:00,924,19. 03. 2015 7:46,Europe/Vienna
work     #home,7,0.71428573,10,17. 03. 2015 0:28,e065c35,7.010,1426548519880,-2,0.051856164,3.75,17. 03. 2015 8:00,84,17. 03. 2015 7:28,Europe/Vienna
work     #home,4,0.6419753,10,15. 03. 2015 23:30,e065c60,7.880,1426458610928,-2,0.16892228,4.5,16. 03. 2015 8:00,84,16. 03. 2015 7:23,Europe/Vienna
  #geo0,3,0.45679012,10,15. 03. 2015 0:24,e065cda,7.860,1426375453451,-2,0.09338617,4.0,16. 03. 2015 8:00,168,15. 03. 2015 8:15,Europe/Vienna
Manually added,-1,-1.0,10,14. 03. 2015 7:30,,3.480,1426314655931,0,0.0,0.0,14. 03. 2015 11:00,-1,14. 03. 2015 11:00,Europe/Vienna
 #alcohol  #home,4,0.6304348,10,14. 03. 2015 0:59,e065c60,5.140,1426291165532,-2,0.55532277,3.5,16. 03. 2015 8:00,0,14. 03. 2015 6:07,Europe/Vienna
work     #home,6,0.6931818,10,13. 03. 2015 0:00,e065c60,7.320,1426201241848,-2,0.06569181,3.5,13. 03. 2015 8:00,168,13. 03. 2015 7:19,Europe/Vienna
work  #stress  #home,7,0.7011494,10,12. 03. 2015 0:04,e065c60,7.280,1426115048307,-2,0.07876111,3.0,12. 03. 2015 7:30,84,12. 03. 2015 7:21,Europe/Vienna
work   #stress  #home,5,0.7294118,10,11. 03. 2015 1:09,e065c60,5.930,1426032589746,-2,0.07832976,2.5,11. 03. 2015 7:50,504,11. 03. 2015 7:05,Europe/Vienna
work  #dream  #home,4,0.58947366,10,10. 03. 2015 0:32,e065c60,5.310,1425943943128,-2,0.124396905,3.75,10. 03. 2015 7:50,252,10. 03. 2015 5:50,Europe/Vienna
work  #dream  #home,6,0.56666666,10,09. 03. 2015 0:23,e065c60,7.470,1425857008558,-2,0.069184765,4.25,09. 03. 2015 7:50,84,09. 03. 2015 7:51,Europe/Vienna
 #dream  #home,8,0.64772725,10,08. 03. 2015 0:46,e065c35,7.330,1425771960074,-2,0.1040064,4.0,08. 03. 2015 9:30,168,08. 03. 2015 8:05,Europe/Vienna
 #alcohol  #home,5,0.6666667,10,07. 03. 2015 1:47,e065c35,6.620,1425689264779,-2,0.05092255,3.5,08. 03. 2015 9:30,84,07. 03. 2015 8:24,Europe/Vienna
work #alcohol  #geo0,5,0.43209878,10,04. 03. 2015 23:49,e033f73,9.060,1425509342214,-2,0.1586501,4.5,05. 03. 2015 9:00,504,05. 03. 2015 8:52,Europe/Vienna
work  #alcohol   #geo0,4,0.34117648,10,03. 03. 2015 23:27,e033f73,8.310,1425421632476,-2,0.09013713,3.5,04. 03. 2015 7:40,0,04. 03. 2015 7:45,Europe/Vienna
work     #geo0,5,0.4375,10,02. 03. 2015 23:48,e033f73,7.800,1425336499726,-2,0.12249965,4.25,03. 03. 2015 7:30,0,03. 03. 2015 7:36,Europe/Vienna
work      #home,6,0.5060241,10,01. 03. 2015 23:18,e065c35,8.120,1425248300559,-2,0.052086636,4.0,02. 03. 2015 7:30,0,02. 03. 2015 7:25,Europe/Vienna
work   #home,1,0.29787233,10,25. 02. 2015 5:13,e065c68,1.850,1424837636226,-2,0.013562374,0.0,25. 02. 2015 6:45,0,25. 02. 2015 7:04,Europe/Vienna
work   #stress  #home,4,0.6494845,10,24. 02. 2015 23:05,e065c68,5.400,1424815511914,-2,0.08828574,3.5,25. 02. 2015 6:45,0,25. 02. 2015 4:29,Europe/Vienna
work     #home,6,0.55,10,24. 02. 2015 0:09,e065c35,7.800,1424732957038,-2,0.1481282,2.75,24. 02. 2015 8:00,0,24. 02. 2015 7:57,Europe/Vienna
work        #home,8,0.48235294,10,22. 02. 2015 23:23,e065c60,8.310,1424643814022,-2,0.07029993,0.0,23. 02. 2015 8:00,1344,23. 02. 2015 7:42,Europe/Vienna
  #home,5,0.675,10,22. 02. 2015 1:05,e065c35,6.710,1424563559396,-2,0.083370246,3.75,22. 02. 2015 9:00,84,22. 02. 2015 7:48,Europe/Vienna
Manually added,-1,-1.0,10,21. 02. 2015 17:00,,2.830,1424534400000,0,0.0,0.0,21. 02. 2015 19:50,-1,21. 02. 2015 19:50,Europe/Vienna
 #alcohol  #home,4,0.7407407,10,21. 02. 2015 2:43,e065c60,6.790,1424483032288,-2,-3.0424307E-8,4.0,22. 02. 2015 9:00,0,21. 02. 2015 9:31,Europe/Vienna
work   #dream  #home,6,0.60227275,10,19. 02. 2015 23:24,e065c60,7.320,1424384670075,-2,0.12516116,4.0,20. 02. 2015 7:40,84,20. 02. 2015 6:43,Europe/Vienna
work #newmoon  #home,6,0.64634144,10,19. 02. 2015 0:02,e065c60,7.940,1424300553877,-2,0.14468038,4.25,19. 02. 2015 8:00,588,19. 02. 2015 7:59,Europe/Vienna
work   #home,7,0.6530612,10,17. 02. 2015 23:36,e065c60,8.700,1424212566055,-2,0.092031784,3.5,18. 02. 2015 8:00,84,18. 02. 2015 8:18,Europe/Vienna
work   #home,6,0.6020408,10,16. 02. 2015 22:26,e065c60,9.790,1424122015539,-2,0.18705913,2.25,17. 02. 2015 8:00,0,17. 02. 2015 8:14,Europe/Vienna
work    #home,6,0.6551724,10,15. 02. 2015 23:00,e065c60,8.500,1424037643787,-2,0.038223054,2.25,16. 02. 2015 7:30,0,16. 02. 2015 7:30,Europe/Vienna
  #home,6,0.525,10,15. 02. 2015 0:23,e065c60,7.780,1423956223585,-2,0.15701957,3.0,15. 02. 2015 9:00,168,15. 02. 2015 8:10,Europe/Vienna
work #dream  #home,5,0.64285713,10,12. 02. 2015 23:11,e065c3d,8.720,1423779109963,-2,0.096267976,4.0,13. 02. 2015 8:00,840,13. 02. 2015 7:54,Europe/Vienna
work #dream  #home,6,0.7380952,10,11. 02. 2015 23:43,e065c3d,7.020,1423694588967,-2,0.077525675,3.75,12. 02. 2015 6:30,0,12. 02. 2015 6:44,Europe/Vienna
work   #home,7,0.56790125,10,10. 02. 2015 23:35,e065c3d,9.010,1423607712447,-2,0.08597385,3.5,11. 02. 2015 8:00,84,11. 02. 2015 8:35,Europe/Vienna
work #dream  #home,6,0.81707317,10,06. 02. 2015 0:10,e065c60,7.960,1423177800848,-2,0.13214564,4.0,06. 02. 2015 8:30,84,06. 02. 2015 8:07,Europe/Vienna
work   #home,6,0.6969697,10,05. 02. 2015 0:27,e065c60,7.730,1423092467358,-1,0.08245958,3.75,05. 02. 2015 8:30,420,05. 02. 2015 8:11,Europe/Vienna
work #fullmoon #dream  #home,3,0.5180723,10,04. 02. 2015 3:12,e065c60,4.620,1423015944986,-1,0.06539618,3.25,04. 02. 2015 7:50,0,04. 02. 2015 7:49,Europe/Vienna
work #fullmoon #alcohol  #home,2,0.5851064,10,03. 02. 2015 22:45,e065c60,4.180,1422999955192,-1,0.04315717,4.0,04. 02. 2015 7:50,0,04. 02. 2015 2:56,Europe/Vienna
work   #home,3,0.62222224,10,03. 02. 2015 0:43,e065c60,6.270,1422920622999,-2,0.05117605,4.0,03. 02. 2015 7:50,84,03. 02. 2015 6:59,Europe/Vienna
work #dream  #home,5,0.7125,10,01. 02. 2015 23:52,e065c60,7.800,1422831133796,-1,0.04817781,0.0,02. 02. 2015 7:50,84,02. 02. 2015 7:39,Europe/Vienna
 #alcohol  #home,5,0.8,10,01. 02. 2015 4:03,e065c60,4.990,1422759786191,-1,0.14135073,3.25,02. 02. 2015 7:50,84,01. 02. 2015 9:02,Europe/Vienna
 #dream  #home,2,0.6511628,10,31. 01. 2015 0:16,e065c60,7.180,1422659793940,-1,0.22397554,3.5,31. 01. 2015 10:00,252,31. 01. 2015 7:27,Europe/Vienna
work  #home,5,0.8021978,10,30. 01. 2015 0:45,e065c60,6.290,1422575147041,-1,0.04270454,4.75,30. 01. 2015 7:50,84,30. 01. 2015 7:03,Europe/Amsterdam
work   #home,7,0.74747473,10,28. 01. 2015 23:44,e065c60,7.750,1422485049066,-2,0.08516707,0.0,29. 01. 2015 7:50,0,29. 01. 2015 7:29,Europe/Amsterdam
work   #home,4,0.5060241,10,27. 01. 2015 23:50,e065c60,6.930,1422399015419,-2,0.117366746,4.0,28. 01. 2015 7:50,336,28. 01. 2015 6:45,Europe/Amsterdam
work   #home,4,0.64044946,10,26. 01. 2015 23:44,e065c60,7.440,1422312250260,-1,0.12983838,4.5,27. 01. 2015 7:50,84,27. 01. 2015 7:10,Europe/Amsterdam
work #dream  #home,7,0.55421686,10,25. 01. 2015 22:51,e065c60,9.230,1422222667558,-2,0.12273102,0.0,26. 01. 2015 7:50,252,26. 01. 2015 8:04,Europe/Amsterdam
 #dream  #home,7,0.50617284,10,25. 01. 2015 0:04,e065c60,8.990,1422140655434,-2,0.19120967,0.0,25. 01. 2015 10:00,0,25. 01. 2015 9:03,Europe/Amsterdam
 #alcohol  #home,3,0.556701,10,24. 01. 2015 1:53,e065c60,6.500,1422060823294,-2,0.15827459,0.0,24. 01. 2015 10:00,168,24. 01. 2015 8:23,Europe/Amsterdam
work   #home,6,0.5529412,10,22. 01. 2015 23:41,e065c60,8.310,1421966499995,-2,0.11260003,3.75,23. 01. 2015 7:50,336,23. 01. 2015 8:00,Europe/Amsterdam
work #dream  #home,1,0.96428573,10,21. 01. 2015 23:01,e065c60,9.330,1421877683994,-2,0.032559663,4.25,22. 01. 2015 8:10,336,22. 01. 2015 8:21,Europe/Amsterdam
work #newmoon #dream  #home,5,0.6835443,10,20. 01. 2015 23:26,e065c60,7.820,1421792807476,-6,0.13083172,4.5,21. 01. 2015 7:00,0,21. 01. 2015 7:16,Europe/Amsterdam
work #newmoon #dream  #home,5,0.6506024,10,20. 01. 2015 0:08,e065c60,8.110,1421708918820,-2,0.08057145,4.5,20. 01. 2015 8:00,84,20. 01. 2015 8:15,Europe/Amsterdam
work   #home,6,0.59574467,10,18. 01. 2015 23:08,e065c60,8.650,1421618919254,-17,0.14525568,4.5,19. 01. 2015 8:00,1512,19. 01. 2015 7:47,Europe/Amsterdam
 #alcohol  #home,4,0.49462366,10,18. 01. 2015 3:35,e065c60,5.190,1421548544782,-2,0.050003458,3.25,18. 01. 2015 10:00,0,18. 01. 2015 8:46,Europe/Amsterdam
 #alcohol  #home,4,0.6,10,17. 01. 2015 2:11,e065c60,8.330,1421457078679,-2,0.13980325,0.0,17. 01. 2015 10:30,840,17. 01. 2015 10:30,Europe/Amsterdam
work #dream  #home,6,0.6060606,10,15. 01. 2015 23:30,e065c60,6.590,1421361049546,-2,0.12819384,0.0,16. 01. 2015 6:00,84,16. 01. 2015 6:06,Europe/Amsterdam
work #dream  #home,6,0.7692308,10,15. 01. 2015 1:19,e065c60,6.360,1421281181647,-2,0.073472984,0.0,15. 01. 2015 7:40,2100,15. 01. 2015 7:41,Europe/Amsterdam
work #dream  #home,5,0.5632184,10,14. 01. 2015 0:00,e065c60,6.050,1421190057417,-2,0.031814788,3.75,14. 01. 2015 6:00,0,14. 01. 2015 6:03,Europe/Amsterdam
work #dream  #home,7,0.64285713,10,12. 01. 2015 0:04,e065c60,7.640,1421017485115,-1,0.021124028,2.75,12. 01. 2015 8:00,252,12. 01. 2015 7:43,Europe/Amsterdam
 #dream  #home,4,0.4642857,10,10. 01. 2015 1:37,e065c35,8.150,1420850246251,-2,0.106608234,4.0,10. 01. 2015 10:00,0,10. 01. 2015 9:46,Europe/Amsterdam
work #dream  #home,8,0.64285713,10,07. 01. 2015 23:48,e065c35,8.140,1420670904815,-1,0.09798228,4.25,08. 01. 2015 8:00,0,08. 01. 2015 7:56,Europe/Amsterdam
work   #home,2,0.2857143,10,07. 01. 2015 5:28,e065c35,3.080,1420604933631,-2,0.052324727,3.5,07. 01. 2015 8:00,0,07. 01. 2015 8:33,Europe/Amsterdam
Manually added,-1,-1.0,10,06. 01. 2015 23:50,,5.420,1420584622719,0,0.0,0.0,07. 01. 2015 5:15,-1,07. 01. 2015 5:15,Europe/Amsterdam
  #home,5,0.5,10,06. 01. 2015 0:50,e065c60,8.170,1420501812480,-2,0.09108368,3.5,10. 01. 2015 10:00,0,06. 01. 2015 9:00,Europe/Amsterdam
work #fullmoon #dream  #home,4,0.48235294,10,05. 01. 2015 1:14,e065c60,7.070,1420416895883,-1,0.12809505,3.25,05. 01. 2015 8:00,84,05. 01. 2015 8:19,Europe/Amsterdam
work  #fullmoon  #home,-1,-1.0,10,05. 01. 2015 0:17,e065c60,0.810,1420413437062,-2,0.0124222515,0.0,05. 01. 2015 8:00,0,05. 01. 2015 1:05,Europe/Amsterdam
  #home,6,0.7647059,10,04. 01. 2015 1:12,e065c60,7.100,1420330340844,-2,0.12100395,4.5,04. 01. 2015 10:00,84,04. 01. 2015 8:18,Europe/Amsterdam
 #dream #sport  #home,5,0.48979592,10,03. 01. 2015 2:16,e065c60,7.610,1420247794718,-1,0.14688331,4.0,03. 01. 2015 10:00,168,03. 01. 2015 9:53,Europe/Amsterdam
Manually added,-1,-1.0,10,02. 01. 2015 8:30,,2.500,1420183834062,0,0.0,0.0,02. 01. 2015 11:00,-1,02. 01. 2015 11:00,Europe/Amsterdam
 #hot  #home,5,0.5,10,02. 01. 2015 0:26,e065c60,7.490,1420154777808,-2,0.09628307,1.75,02. 01. 2015 8:15,168,02. 01. 2015 7:55,Europe/Amsterdam
#dream   #home,4,0.68604654,10,31. 12. 2014 1:12,e065c60,5.980,1419984734438,-2,0.13119677,4.0,31. 12. 2014 9:30,0,31. 12. 2014 7:10,Europe/Amsterdam
work   #home,5,0.6296296,10,30. 12. 2014 0:27,e065c68,7.900,1419895627132,-1,0.23113123,3.5,30. 12. 2014 8:10,2100,30. 12. 2014 8:21,Europe/Amsterdam
  #home,5,0.47058824,10,28. 12. 2014 2:42,e065c60,7.070,1419730925758,-1,0.16503625,3.75,28. 12. 2014 10:00,84,28. 12. 2014 9:46,Europe/Amsterdam
work   #geo1,6,0.6091954,10,25. 12. 2014 1:40,9fc3fb4,7.270,1419471632041,-1,0.025596945,4.5,25. 12. 2014 8:40,0,25. 12. 2014 8:56,Europe/Lisbon
  #geo1,5,0.55813956,10,24. 12. 2014 0:45,9fc3fb4,8.390,1419381956006,-2,0.12665375,3.5,24. 12. 2014 8:00,0,24. 12. 2014 9:09,Europe/Lisbon
work   #geo1,5,0.35714287,10,23. 12. 2014 0:14,9fc3fb4,9.340,1419293699529,-1,0.09372914,2.75,23. 12. 2014 8:40,84,23. 12. 2014 9:35,Europe/London
work  #newmoon  #geo1,8,0.54320985,10,21. 12. 2014 23:53,9fc3fb4,9.040,1419205980176,-1,0.13389945,4.0,22. 12. 2014 8:40,84,22. 12. 2014 8:55,Europe/London
  #geo1,6,0.49382716,10,21. 12. 2014 0:46,9fc3fb4,7.890,1419122803372,-1,0.14129463,3.5,21. 12. 2014 8:30,0,21. 12. 2014 8:39,Europe/London
 #dream  #home,5,0.5529412,10,19. 12. 2014 23:10,e065c60,7.130,1419027015502,-2,0.095010884,3.75,20. 12. 2014 8:15,252,20. 12. 2014 6:18,Europe/Vienna
work   #home,2,0.97590363,10,18. 12. 2014 22:33,e065c60,9.180,1418938381368,-2,0.04373739,2.5,19. 12. 2014 7:50,84,19. 12. 2014 7:44,Europe/Vienna
work #stress  #home,8,0.625,10,17. 12. 2014 0:29,e065c60,6.390,1418772557316,-2,0.065437555,2.25,17. 12. 2014 8:15,0,17. 12. 2014 6:52,Europe/Vienna
work   #home,4,0.35632184,10,15. 12. 2014 23:29,e065c60,8.510,1418682598908,-2,0.18035679,4.25,16. 12. 2014 7:50,0,16. 12. 2014 8:00,Europe/Vienna
Manually added,-1,-1.0,10,13. 12. 2014 0:00,,9.250,1418425249405,0,0.0,3.75,13. 12. 2014 9:15,-1,13. 12. 2014 9:15,Europe/Vienna
work   #home,6,0.5632184,10,11. 12. 2014 23:16,e065c60,8.450,1418336196542,-1,0.1543401,4.5,12. 12. 2014 7:50,168,12. 12. 2014 7:43,Europe/Vienna
Nap length 0:30  #home,-1,-1.0,10,11. 12. 2014 17:14,e065c60,0.420,1418314485827,-1,0.060224988,3.5,11. 12. 2014 17:44,0,11. 12. 2014 17:39,Europe/Vienna
work  #home,1,0.26262626,10,11. 12. 2014 6:06,e065c60,1.940,1418274389205,-1,0.0676279,4.5,11. 12. 2014 7:50,0,11. 12. 2014 8:02,Europe/Vienna
work  #home,6,0.5979381,10,10. 12. 2014 23:29,e065c60,6.500,1418250582562,-2,0.26942673,2.5,11. 12. 2014 7:50,0,11. 12. 2014 5:59,Europe/Vienna
work #dream  #home,6,0.46067417,10,10. 12. 2014 0:52,e065c60,7.420,1418169131683,-1,0.17384896,3.5,10. 12. 2014 8:30,0,10. 12. 2014 8:17,Europe/Vienna
work  #home,7,0.5,10,08. 12. 2014 23:39,e065c60,8.210,1418078379880,-2,0.27651247,4.0,09. 12. 2014 7:20,0,09. 12. 2014 7:52,Europe/Vienna
Ideal sleep length #home,8,0.61445785,10,08. 12. 2014 1:16,e065c60,8.050,1417997799135,-1,0.22878405,4.0,08. 12. 2014 9:25,2520,08. 12. 2014 9:19,Europe/Vienna
 #fullmoon #home,3,0.954023,10,07. 12. 2014 0:40,e065c60,8.500,1417909232030,-2,0.04357765,4.0,07. 12. 2014 9:10,0,07. 12. 2014 9:10,Europe/Vienna
Nap length 1:00 #fullmoon,-1,-1.0,10,06. 12. 2014 16:18,,0.930,1417879121939,-1,0.77059615,4.5,06. 12. 2014 17:18,0,06. 12. 2014 17:14,Europe/Vienna
Manually added #fullmoon,-1,-1.0,10,06. 12. 2014 3:30,,7.500,1417833022583,0,0.0,0.0,06. 12. 2014 11:00,-1,06. 12. 2014 11:00,Europe/Vienna
work #stress  #home,6,0.55172414,10,05. 12. 2014 0:38,e065c60,7.270,1417736324083,-2,0.20379017,2.0,05. 12. 2014 7:45,84,05. 12. 2014 7:54,Europe/Vienna
work  #home,3,0.5301205,10,04. 12. 2014 0:33,e065c60,8.050,1417649632789,-1,0.10284451,2.75,04. 12. 2014 8:10,0,04. 12. 2014 8:36,Europe/Vienna
work #dream  #home,6,0.64705884,10,03. 12. 2014 0:48,e065c35,7.070,1417564112513,-2,0.07569364,4.5,03. 12. 2014 7:50,0,03. 12. 2014 7:52,Europe/Vienna
work   #home,5,0.59375,10,02. 12. 2014 0:30,e065c35,7.640,1417476635726,-11,0.174601,3.75,02. 12. 2014 8:10,0,02. 12. 2014 8:09,Europe/Vienna
work  #home,7,0.64705884,10,30. 11. 2014 23:52,e065c35,8.310,1417387924396,-2,0.043440133,4.5,01. 12. 2014 8:10,0,01. 12. 2014 8:10,Europe/Vienna
Nap length 1:00 #home,1,0.8192771,10,30. 11. 2014 14:46,e065c35,0.730,1417355197257,-1,0.0064138086,4.75,30. 11. 2014 15:46,0,30. 11. 2014 15:30,Europe/Vienna
Manually added,-1,-1.0,10,30. 11. 2014 1:30,,7.500,1417307422271,0,0.0,0.0,30. 11. 2014 9:00,-1,30. 11. 2014 9:00,Europe/Vienna
Manually added,-1,-1.0,10,29. 11. 2014 22:00,,2.420,1417294803641,0,0.0,3.5,30. 11. 2014 0:25,-1,30. 11. 2014 0:25,Europe/Vienna
Manually added,-1,-1.0,10,29. 11. 2014 2:50,,7.670,1417225812939,0,0.0,0.0,29. 11. 2014 10:30,-1,29. 11. 2014 10:30,Europe/Vienna
work  #home,5,0.5308642,10,28. 11. 2014 0:18,e065c35,7.860,1417130325724,-1,0.21677949,3.5,28. 11. 2014 8:10,252,28. 11. 2014 8:10,Europe/Vienna
work  #home,1,0.5595238,10,27. 11. 2014 0:35,e065c35,7.050,1417044917045,-1,0.16454206,3.25,27. 11. 2014 7:40,0,27. 11. 2014 7:38,Europe/Vienna
work  #home,6,0.5154639,10,26. 11. 2014 0:11,e065c35,7.730,1416957105078,-11,0.18785517,4.0,26. 11. 2014 8:00,84,26. 11. 2014 7:55,Europe/Vienna
work  #home,5,0.5529412,10,25. 11. 2014 0:05,e065c60,8.250,1416870350385,-1,0.18528387,3.5,25. 11. 2014 8:15,0,25. 11. 2014 8:20,Europe/Vienna
 #newmoon #home,7,0.625,10,23. 11. 2014 0:50,e065c68,8.590,1416700215801,-1,0.16584408,3.75,23. 11. 2014 9:10,168,23. 11. 2014 9:25,Europe/Vienna
 #newmoon #home,5,0.60493827,10,22. 11. 2014 2:19,e065c60,7.880,1416619145236,-1,0.14999337,0.0,22. 11. 2014 10:18,84,22. 11. 2014 10:11,Europe/Vienna
work  #home,6,0.6511628,10,21. 11. 2014 0:31,e065c60,7.180,1416526266510,-1,0.2391822,3.5,21. 11. 2014 7:55,168,21. 11. 2014 7:41,Europe/Vienna
work   #home,6,0.4848485,10,20. 11. 2014 0:13,e065c60,7.750,1416438809171,-1,0.22935735,3.5,20. 11. 2014 8:05,0,20. 11. 2014 7:58,Europe/Vienna
work  #home,1,0.9756098,10,19. 11. 2014 0:12,e065c60,7.980,1416352352110,-2,0.018043801,3.5,19. 11. 2014 8:05,0,19. 11. 2014 8:11,Europe/Vienna
work #dream  #home,4,0.622449,10,18. 11. 2014 0:30,e065c60,7.610,1416267011779,-2,0.25572252,3.5,18. 11. 2014 8:05,252,18. 11. 2014 8:06,Europe/Vienna
work  #home,4,0.5151515,10,16. 11. 2014 23:14,e065c60,8.860,1416176056851,-1,0.21679491,4.5,17. 11. 2014 8:05,168,17. 11. 2014 8:05,Europe/Vienna
 #stress  #home,3,0.3493976,10,15. 11. 2014 23:05,e065c60,10.350,1416089157205,-1,0.1500999,3.25,16. 11. 2014 9:30,504,16. 11. 2014 9:27,Europe/Vienna
work  #home,3,0.9411765,10,13. 11. 2014 23:24,e065c60,8.270,1415917477074,-1,0.01377573,0.0,14. 11. 2014 7:40,84,14. 11. 2014 7:40,Europe/Vienna
work #sick   #home,2,0.9506173,10,12. 11. 2014 0:13,e065c60,7.890,1415747620079,-1,0.050169654,3.0,12. 11. 2014 8:00,168,12. 11. 2014 8:07,Europe/Vienna
 #home,-1,-2.0,10,08. 11. 2014 1:13,e065c61,0.000,1415405619721,0,0.0,0.0,08. 11. 2014 9:15,0,08. 11. 2014 1:13,Europe/Vienna
work #stress  #fullmoon #home,1,0.9880952,10,07. 11. 2014 1:08,e065c68,5.820,1415318931222,-1,0.017402168,3.5,07. 11. 2014 7:45,0,07. 11. 2014 6:57,Europe/Vienna
work  #home,5,0.5365854,10,05. 11. 2014 1:05,e065c60,5.670,1415145932520,-1,0.2762649,3.5,05. 11. 2014 8:10,0,05. 11. 2014 6:45,Europe/Vienna
work  #home,4,0.8095238,10,04. 11. 2014 5:55,e065c35,2.350,1415076902503,-1,0.065705575,3.5,04. 11. 2014 8:10,0,04. 11. 2014 8:16,Europe/Vienna
work  #home,3,0.55172414,10,04. 11. 2014 0:25,e065c35,4.860,1415057150163,-1,0.030574549,3.5,04. 11. 2014 8:10,0,04. 11. 2014 5:17,Europe/Vienna
 #stress #home,5,0.45918366,10,03. 11. 2014 0:15,e065c35,8.720,1414970133007,-2,0.21551554,2.5,08. 11. 2014 9:15,0,03. 11. 2014 8:58,Europe/Vienna
work  #home,4,0.8181818,10,30. 10. 2014 22:54,e065c35,8.840,1414706082992,-1,0.17719539,4.0,31. 10. 2014 8:10,0,31. 10. 2014 7:45,Europe/Vienna
Manually added,-1,-1.0,10,29. 10. 2014 23:50,,7.170,1414623014750,0,0.0,0.0,30. 10. 2014 7:00,-1,30. 10. 2014 7:00,Europe/Vienna
Manually added,-1,-1.0,10,28. 10. 2014 23:40,,7.500,1414536050776,0,0.0,0.0,29. 10. 2014 7:10,-1,29. 10. 2014 7:10,Europe/Vienna
work  #home,6,0.5952381,10,27. 10. 2014 23:53,e065c35,8.210,1414450391881,-1,0.09297737,0.0,28. 10. 2014 8:10,84,28. 10. 2014 8:05,Europe/Vienna
Nap length 0:30 #home,-1,-1.0,10,26. 10. 2014 15:19,e065c35,0.510,1414333149210,-1,0.010663437,0.0,26. 10. 2014 15:49,0,26. 10. 2014 15:49,Europe/Vienna
  #geo0,8,0.57731956,10,26. 10. 2014 0:07,e065cce,8.620,1414274836380,-2,0.3027411,3.75,26. 10. 2014 9:15,84,26. 10. 2014 7:44,Europe/Vienna
Manually added,-1,-1.0,10,24. 10. 2014 23:00,,8.670,1414184402011,0,0.0,4.5,25. 10. 2014 7:40,-1,25. 10. 2014 7:40,Europe/Vienna
Manually added #newmoon,-1,-1.0,10,23. 10. 2014 23:50,,2.580,1414101059871,0,0.0,0.0,24. 10. 2014 2:25,-1,24. 10. 2014 2:25,Europe/Vienna
work  #home,5,0.5,10,23. 10. 2014 2:46,e065c60,5.440,1414025206174,-1,0.11112288,3.5,23. 10. 2014 7:45,84,23. 10. 2014 8:12,Europe/Vienna
work  #home,6,0.48809522,10,22. 10. 2014 0:05,e065c60,8.200,1413929156454,-1,0.13376601,3.0,22. 10. 2014 8:10,0,22. 10. 2014 8:18,Europe/Vienna
work  #home,5,0.74157304,10,21. 10. 2014 1:16,e065c60,7.410,1413846999503,-1,0.13047141,4.5,21. 10. 2014 8:30,0,21. 10. 2014 8:41,Europe/Vienna
Manually added,-1,-1.0,10,19. 10. 2014 23:20,,8.420,1413753612432,0,0.0,0.0,20. 10. 2014 7:45,-1,20. 10. 2014 7:45,Europe/Vienna
Manually added,-1,-1.0,10,18. 10. 2014 2:30,,7.500,1413592247650,0,0.0,0.0,18. 10. 2014 10:00,-1,18. 10. 2014 10:00,Europe/Vienna
work  #home,5,0.7037037,10,17. 10. 2014 0:06,e065c60,6.880,1413497187059,-6,0.058713585,4.5,17. 10. 2014 8:15,0,17. 10. 2014 6:59,Europe/Vienna
work  #home,4,0.5,10,16. 10. 2014 0:17,e065c60,7.820,1413411458041,0,0.06662103,4.25,16. 10. 2014 8:15,0,16. 10. 2014 8:06,Europe/Vienna
work  #home,4,0.45360824,10,14. 10. 2014 23:48,e065c60,7.560,1413330499701,0,0.15743394,3.5,15. 10. 2014 8:15,168,15. 10. 2014 7:21,GMT
work ,7,0.5802469,10,14. 10. 2014 0:05,,7.890,1413245137332,-5,0.19835712,4.25,14. 10. 2014 8:40,84,14. 10. 2014 7:59,GMT
work  #home,4,0.6931818,10,13. 10. 2014 0:16,e065c60,7.450,1413159379008,-9,5.638028E-5,3.5,13. 10. 2014 8:10,0,13. 10. 2014 7:43,GMT
